,age,sex,educ,income,eastwest,lived_abroad,spectrum
0,47,Female,3,1800,East,No,1
1,52,Male,3,2000,East,No,5
2,61,Male,2,2500,West,No,6
3,54,Female,2,860,West,Yes,1
4,49,Male,3,2500,West,No,6
5,75,Female,3,750,West,No,6
6,59,Male,5,4500,East,No,6
7,65,Male,3,880,East,No,9
8,61,Female,2,3000,West,Yes,3
9,76,Male,2,950,East,No,6
10,23,Male,2,1200,West,No,3
11,65,Male,2,3300,West,No,6
12,54,Male,3,1500,East,Yes,2
13,76,Male,5,1600,East,No,3
14,23,Male,3,1800,West,No,3
15,36,Male,3,2125,West,No,2
16,34,Female,3,350,West,Yes,3
17,52,Female,4,2400,West,Yes,6
18,63,Male,3,1050,East,No,3
19,61,Male,2,2375,West,No,1
20,19,Male,3,875,West,No,9
21,27,Male,5,1500,East,No,3
22,53,Male,3,1000,East,No,9
23,25,Male,3,1300,West,No,6
24,40,Female,5,1390,West,Yes,5
25,71,Male,4,460,West,Yes,6
26,31,Male,4,2375,East,No,5
27,48,Male,5,3500,West,Yes,6
28,66,Female,2,850,West,No,3
29,43,Male,3,1800,West,No,9
30,24,Male,5,700,West,Yes,6
31,55,Female,3,813,West,No,6
32,61,Female,4,1500,West,No,2
33,48,Male,5,6250,West,No,5
34,27,Male,3,1579,West,No,6
35,41,Female,3,1100,West,No,6
36,39,Male,3,1500,East,No,9
37,78,Male,2,4500,West,No,3
38,66,Female,5,2000,West,No,3
39,40,Female,4,1625,East,No,6
40,29,Male,5,2400,West,No,3
41,48,Male,5,4000,West,Yes,5
42,40,Male,3,1400,East,No,9
43,53,Male,4,1875,West,No,3
44,42,Male,3,1100,West,No,5
45,47,Male,2,2700,West,No,6
46,72,Male,2,1140,East,No,1
47,31,Male,5,2200,West,Yes,3
48,88,Male,5,3000,West,No,5
49,31,Male,3,2500,East,Yes,6
50,35,Male,3,1650,East,No,1
51,69,Female,5,2650,West,No,3
52,66,Female,5,650,West,No,2
53,76,Male,2,1000,East,No,5
54,67,Male,5,860,East,Yes,9
55,58,Male,2,1100,West,No,2
56,68,Female,2,400,West,No,5
57,25,Male,3,1500,West,No,6
58,59,Male,5,3500,West,Yes,2
59,40,Female,3,1300,West,No,6
60,30,Female,5,1520,East,No,5
61,62,Female,2,600,West,No,3
62,26,Male,5,2000,East,No,6
63,54,Female,3,714,West,No,2
64,69,Male,5,700,East,Yes,9
65,28,Male,5,3000,East,No,6
66,83,Male,2,1050,West,No,6
67,56,Female,3,1063,West,No,2
68,65,Female,3,800,East,No,3
69,80,Female,2,265,West,No,6
70,28,Female,4,1800,West,No,3
71,51,Male,2,1900,West,No,9
72,66,Female,2,600,West,No,3
73,58,Male,2,1650,West,No,3
74,73,Male,2,1063,East,No,9
75,56,Female,3,940,East,No,2
76,82,Female,5,1600,East,No,1
77,47,Female,3,1000,East,No,6
78,36,Female,2,450,West,No,2
79,59,Female,3,1100,West,No,6
80,21,Female,5,710,West,Yes,6
81,40,Male,4,1800,West,No,5
82,48,Female,5,1600,West,Yes,1
83,62,Female,4,900,East,No,6
84,88,Female,2,1000,East,No,6
85,54,Female,3,2100,East,Yes,3
86,35,Male,2,4000,West,No,9
87,69,Male,3,1000,East,No,9
88,62,Female,3,688,West,No,3
89,49,Female,3,700,East,No,1
90,37,Female,5,1600,East,No,6
91,52,Female,5,1750,West,No,6
92,31,Male,5,2000,West,Yes,2
93,67,Female,5,3000,West,Yes,2
94,48,Male,2,3000,West,No,6
95,66,Male,5,2100,East,No,1
96,36,Female,5,2100,West,Yes,6
97,44,Female,4,1625,East,No,1
98,44,Male,5,6250,East,No,2
99,64,Male,4,1100,West,No,6
100,76,Female,2,1500,East,No,1
101,51,Male,2,1500,West,Yes,6
102,46,Female,3,1200,West,No,3
103,66,Female,3,1400,West,No,5
104,46,Female,3,995,East,No,5
105,61,Female,3,1875,West,No,2
106,66,Male,2,1800,West,No,3
107,55,Male,3,2300,West,Yes,6
108,38,Male,4,2875,West,Yes,2
109,33,Female,5,2000,East,No,6
110,78,Female,3,1000,East,No,3
111,41,Female,5,1650,East,No,2
112,33,Female,3,2060,East,No,9
113,19,Male,2,592,West,No,11
114,41,Female,4,1300,East,No,1
115,45,Male,5,1750,West,No,6
116,20,Male,3,150,East,Yes,3
117,33,Male,2,2100,West,No,9
118,38,Male,3,4200,West,No,9
119,48,Male,5,4000,West,No,6
120,57,Female,3,1600,East,No,9
121,26,Male,5,1600,West,No,2
122,33,Female,4,2300,West,No,2
123,62,Male,2,8750,West,Yes,9
124,62,Male,3,1625,East,No,5
125,52,Female,3,1300,East,No,3
126,73,Female,5,938,West,No,6
127,38,Female,2,450,West,No,1
128,39,Male,3,2100,West,Yes,3
129,52,Male,5,4500,West,No,6
130,58,Female,5,1500,East,No,6
131,50,Female,3,750,West,No,3
132,18,Male,5,400,West,No,6
133,38,Female,3,2170,East,No,1
134,54,Male,3,2875,East,No,9
135,57,Male,3,1900,West,Yes,6
136,52,Female,3,480,West,No,6
137,34,Female,5,2000,West,No,2
138,52,Male,5,4800,West,No,3
139,37,Female,5,1750,West,No,2
140,56,Female,5,1625,East,No,5
141,36,Female,2,1600,West,No,2
142,40,Male,5,3600,East,No,2
143,60,Male,3,320,East,No,3
144,51,Male,3,850,East,No,6
145,74,Female,2,700,West,No,2
146,60,Female,5,4500,East,Yes,2
147,70,Female,5,1100,West,Yes,2
148,64,Male,4,688,East,No,6
149,64,Female,3,1000,East,No,9
150,41,Female,3,1850,West,No,2
151,65,Female,5,900,East,No,1
152,25,Female,3,1000,East,No,3
153,56,Female,5,3000,West,No,3
154,30,Female,5,1500,East,No,6
155,58,Male,3,900,East,No,1
156,58,Male,2,2000,West,No,3
157,57,Male,2,350,East,No,9
158,65,Female,5,2125,East,No,1
159,78,Female,2,1200,East,No,1
160,34,Male,3,1300,East,No,9
161,77,Female,2,2600,West,Yes,5
162,60,Male,5,4300,West,Yes,6
163,49,Female,2,1100,West,No,9
164,42,Female,3,1500,East,No,6
165,51,Female,3,1300,East,No,1
166,48,Female,3,1200,East,No,6
167,39,Female,4,2259,East,Yes,2
168,65,Male,3,804,East,No,3
169,72,Male,2,3300,West,No,3
170,56,Male,3,640,East,No,6
171,51,Female,3,5000,East,No,5
172,28,Male,3,1900,West,No,6
173,44,Female,2,1100,West,No,9
174,45,Female,4,2875,West,No,2
175,25,Male,3,2000,West,No,9
176,18,Male,3,440,East,No,1
177,25,Female,5,1500,West,No,3
178,28,Male,3,2000,West,No,9
179,56,Male,5,3500,West,No,6
180,48,Female,3,450,West,No,2
181,40,Female,4,1700,West,No,5
182,72,Male,2,820,West,No,6
183,82,Male,2,1500,West,No,2
184,53,Female,3,1100,East,No,6
185,25,Male,3,1600,West,No,4
186,84,Female,2,1400,East,No,6
187,53,Female,3,1800,West,No,2
188,20,Female,5,1400,East,Yes,9
189,40,Male,2,4000,West,No,6
190,18,Female,2,450,West,No,6
191,76,Female,2,1800,East,No,6
192,63,Female,3,1875,East,No,6
193,58,Male,3,3500,West,No,2
194,55,Female,3,1000,West,No,6
195,66,Male,2,3000,West,No,6
196,29,Male,2,1600,West,Yes,6
197,20,Female,5,800,West,No,3
198,48,Male,5,3000,East,No,6
199,80,Male,2,2000,West,Yes,3
200,61,Female,4,1500,West,Yes,2
201,72,Male,4,1500,East,No,1
202,65,Female,5,1500,East,No,6
203,53,Female,5,3000,East,No,2
204,32,Male,2,2250,West,No,3
205,58,Male,2,1400,West,No,4
206,28,Male,5,700,East,No,2
207,48,Male,3,1200,East,No,9
208,29,Male,5,2500,West,No,2
209,66,Male,3,563,East,No,9
210,68,Male,3,1600,West,No,6
211,52,Female,5,2500,West,No,3
212,33,Male,5,3400,West,Yes,5
213,73,Female,3,1300,West,No,2
214,34,Male,5,100,West,Yes,5
215,24,Male,5,1000,West,Yes,2
216,54,Female,5,500,West,No,5
217,46,Male,3,2300,West,No,6
218,67,Male,3,1200,East,No,1
219,49,Female,5,2500,West,Yes,6
220,33,Male,5,2375,West,No,6
221,48,Male,3,2700,West,Yes,9
222,40,Male,5,5200,East,No,6
223,40,Female,5,1187,West,No,6
224,35,Female,5,1900,East,No,6
225,83,Female,2,1400,West,No,3
226,76,Female,5,1260,East,No,3
227,73,Male,3,850,East,No,2
228,39,Female,5,3500,West,No,2
229,43,Male,3,1100,West,No,5
230,81,Male,2,1221,East,No,6
231,20,Male,3,700,West,No,3
232,37,Male,4,4200,West,Yes,6
233,54,Male,4,3550,West,No,6
234,67,Male,3,2500,East,No,6
235,53,Male,5,3500,East,Yes,1
236,64,Female,2,2000,West,No,6
237,76,Male,5,1063,East,Yes,1
238,40,Female,3,700,East,No,9
239,42,Female,4,1800,West,Yes,2
240,57,Male,3,2000,East,No,5
241,64,Female,2,1260,West,No,3
242,41,Female,3,625,West,No,6
243,74,Male,2,1800,West,No,6
244,48,Female,3,1600,West,Yes,1
245,29,Male,5,800,West,No,2
246,30,Male,5,1700,East,No,1
247,23,Female,2,267,West,No,3
248,75,Female,2,900,West,No,6
249,43,Female,3,2100,West,No,3
250,27,Female,5,1400,East,No,2
251,71,Male,2,720,West,No,1
252,29,Female,5,650,East,No,1
253,54,Male,3,724,West,Yes,4
254,34,Female,4,1100,West,Yes,3
255,50,Male,3,3000,West,No,3
256,64,Male,5,3500,East,No,3
257,73,Female,2,110,West,No,2
258,22,Male,3,500,West,Yes,2
259,44,Female,5,1063,West,No,3
260,54,Male,5,6000,West,Yes,6
261,52,Female,3,1234,East,No,3
262,47,Female,5,3200,West,No,3
263,27,Female,4,2100,West,No,2
264,35,Female,2,2000,West,No,6
265,62,Male,5,4005,West,Yes,2
266,66,Female,5,875,West,Yes,2
267,61,Male,3,2375,West,No,2
268,75,Female,2,900,West,No,3
269,48,Female,2,700,West,No,3
270,48,Male,5,3800,East,No,3
271,82,Female,2,1100,East,No,1
272,75,Male,2,1500,East,No,3
273,48,Male,5,2200,East,Yes,1
274,39,Female,5,1188,West,No,9
275,31,Male,2,1625,East,No,1
276,73,Female,2,291,West,No,6
277,28,Male,3,1550,East,No,9
278,20,Male,4,700,West,No,2
279,76,Female,2,670,East,No,6
280,53,Female,5,2800,East,No,6
281,75,Female,2,1200,East,No,6
282,31,Male,3,1600,West,Yes,3
283,53,Female,3,1200,East,No,6
284,24,Female,5,180,West,No,6
285,26,Male,5,400,East,No,3
286,30,Female,5,2080,East,Yes,2
287,51,Male,5,4000,West,Yes,5
288,25,Male,2,1400,West,No,9
289,52,Male,5,2500,West,No,1
290,45,Female,5,1800,West,Yes,2
291,68,Male,5,3100,West,Yes,1
292,27,Female,5,400,West,Yes,3
293,31,Female,5,1600,West,No,3
294,42,Female,3,1063,West,No,2
295,76,Male,2,1200,West,No,9
296,52,Female,3,1800,West,No,2
297,48,Female,3,1188,East,No,9
298,65,Male,3,2625,West,No,2
299,40,Male,3,2000,West,No,6
300,57,Male,5,3000,West,No,2
301,50,Male,3,3000,West,No,6
302,48,Male,3,3000,West,No,1
303,38,Female,2,550,East,No,6
304,54,Male,3,2875,West,No,9
305,34,Female,5,1500,East,No,6
306,76,Male,2,1477,West,Yes,3
307,53,Female,2,1000,West,No,3
308,60,Male,5,3400,West,No,6
309,34,Female,3,1313,East,No,6
310,88,Male,5,3000,West,No,9
311,44,Male,3,3200,West,No,1
312,86,Male,3,1700,East,No,1
313,67,Female,2,450,West,No,2
314,59,Female,5,1400,East,No,1
315,53,Female,4,1200,East,No,3
316,48,Female,4,2200,West,No,3
317,85,Female,2,1450,West,No,6
318,46,Male,5,2800,West,No,6
319,59,Male,3,2375,West,No,6
320,74,Male,2,1150,East,No,1
321,51,Male,2,1700,West,No,3
322,83,Female,2,1400,West,No,2
323,57,Female,3,2375,West,No,6
324,61,Female,4,1700,West,No,2
325,29,Female,5,4000,West,Yes,3
326,90,Male,2,1800,West,No,3
327,45,Female,5,1650,West,No,1
328,72,Male,2,1100,East,No,3
329,49,Male,5,1200,West,No,1
330,82,Male,3,1600,West,Yes,9
331,55,Male,2,1300,West,No,3
332,78,Female,2,1500,West,No,6
333,39,Male,2,1400,West,Yes,3
334,52,Male,3,3000,West,No,6
335,65,Female,3,500,West,No,2
336,59,Female,3,2200,West,Yes,1
337,69,Female,4,900,East,No,1
338,52,Male,5,4200,West,No,3
339,80,Male,2,1800,West,Yes,3
340,73,Female,3,1300,West,No,6
341,29,Male,3,2000,East,No,6
342,39,Male,5,1200,West,No,1
343,44,Male,5,3000,East,Yes,1
344,61,Female,2,420,West,No,2
345,51,Female,5,1900,West,No,6
346,56,Male,5,1875,East,No,2
347,63,Male,3,1000,East,No,5
348,42,Female,5,2400,West,No,3
349,32,Female,2,700,West,No,9
350,73,Female,3,813,East,Yes,2
351,38,Female,5,3225,West,No,2
352,80,Female,2,1400,West,No,5
353,52,Male,5,3000,West,Yes,3
354,32,Female,5,3200,West,Yes,5
355,50,Female,3,1400,West,No,3
356,79,Female,2,920,East,No,3
357,45,Male,3,1500,East,No,5
358,54,Female,4,2100,West,Yes,2
359,66,Female,3,1800,West,No,6
360,76,Female,5,30,West,Yes,6
361,50,Male,3,1600,East,No,5
362,28,Female,3,1800,West,No,5
363,80,Female,5,1200,West,No,5
364,53,Male,2,1500,West,No,6
365,80,Female,2,900,East,No,1
366,39,Female,3,800,West,Yes,2
367,65,Male,2,1800,West,No,3
368,29,Female,3,1100,East,No,3
369,59,Female,3,1300,East,No,6
370,58,Male,3,3500,West,No,3
371,61,Male,2,830,West,No,3
372,53,Male,4,3500,West,No,6
373,56,Female,2,2500,West,No,9
374,36,Male,3,1680,East,No,9
375,38,Male,3,1600,East,No,9
376,81,Male,2,1313,East,No,9
377,49,Male,2,2625,West,No,9
378,81,Male,2,1500,West,No,3
379,50,Female,3,1200,West,No,9
380,34,Female,5,630,East,No,2
381,46,Male,5,3000,West,No,4
382,23,Male,5,400,East,Yes,2
383,39,Female,3,700,West,No,3
384,45,Male,3,2700,East,No,3
385,35,Female,5,2800,West,Yes,2
386,54,Male,4,1800,West,Yes,2
387,53,Male,3,1500,East,No,9
388,66,Female,3,240,West,No,3
389,50,Female,5,3100,West,No,3
390,56,Female,3,730,West,No,6
391,54,Female,3,600,West,No,2
392,77,Female,2,1400,East,No,6
393,78,Male,3,1200,East,No,1
394,68,Male,3,2200,West,No,6
395,63,Female,2,700,West,No,3
396,32,Female,3,750,West,No,6
397,20,Female,5,400,West,No,5
398,20,Male,3,270,West,No,5
399,59,Male,3,1100,West,No,2
400,75,Female,5,2600,West,Yes,3
401,26,Female,5,450,West,No,6
402,76,Male,5,2500,East,No,6
403,26,Female,5,120,West,No,2
404,56,Female,5,2500,West,No,3
405,71,Female,3,1188,West,No,5
406,54,Male,3,415,East,No,6
407,84,Female,3,1397,East,No,3
408,74,Male,2,905,East,No,6
409,56,Male,4,600,West,No,1
410,65,Male,1,1050,East,No,1
411,41,Male,5,2800,East,No,6
412,48,Female,5,4000,East,Yes,1
413,69,Male,4,1500,West,No,3
414,39,Male,3,2000,West,Yes,6
415,59,Male,5,2500,West,No,5
416,26,Female,4,400,West,No,9
417,30,Male,3,700,East,No,9
418,66,Male,5,3400,West,No,9
419,38,Male,3,3500,West,Yes,6
420,35,Female,3,1800,West,No,3
421,53,Female,3,450,East,No,2
422,46,Male,5,4000,West,Yes,1
423,73,Female,5,350,West,No,3
424,58,Female,2,1500,West,No,5
425,49,Male,5,3100,East,No,9
426,33,Male,5,6250,East,Yes,5
427,52,Male,2,3500,West,No,9
428,53,Male,3,350,West,No,3
429,74,Female,2,1200,East,No,3
430,71,Male,2,1625,West,No,3
431,48,Female,5,2400,West,No,3
432,28,Female,5,450,West,Yes,2
433,79,Male,5,1600,East,Yes,2
434,28,Male,3,1500,East,No,1
435,40,Male,3,1700,East,No,9
436,66,Female,2,220,West,No,3
437,28,Male,5,1100,East,No,2
438,32,Female,5,3300,West,Yes,2
439,64,Female,5,50,East,Yes,3
440,57,Female,2,1200,West,No,6
441,65,Female,3,1100,East,No,3
442,79,Male,2,1500,East,No,3
443,79,Female,2,980,East,No,6
444,44,Male,3,4500,West,No,4
445,21,Female,5,550,West,No,3
446,24,Female,5,1300,West,No,5
447,52,Female,3,1500,West,No,2
448,49,Male,5,4000,West,Yes,2
449,44,Female,3,2900,West,No,6
450,76,Male,4,1300,West,No,9
451,53,Female,3,1700,West,No,2
452,47,Male,3,2100,East,No,5
453,74,Female,2,420,West,No,6
454,42,Male,4,4800,West,No,6
455,78,Female,3,600,West,No,9
456,47,Female,5,2000,West,Yes,6
457,29,Male,3,800,West,Yes,3
458,79,Male,2,1313,West,Yes,9
459,67,Female,2,900,West,No,6
460,40,Female,3,120,West,No,6
461,51,Female,3,1100,East,No,3
462,50,Female,4,1500,West,No,3
463,71,Male,5,2400,West,No,3
464,65,Male,5,700,East,No,6
465,43,Female,2,900,West,No,9
466,85,Male,2,1900,East,No,1
467,47,Male,5,8750,West,Yes,5
468,91,Female,2,1300,West,No,6
469,20,Female,3,380,West,No,6
470,65,Male,3,1063,West,No,3
471,25,Male,5,3000,West,No,9
472,72,Female,5,2500,West,No,2
473,76,Male,2,1300,East,No,3
474,20,Male,3,1400,West,No,6
475,36,Female,5,600,West,Yes,6
476,25,Male,5,2500,West,Yes,6
477,21,Male,4,450,West,No,5
478,54,Female,3,1100,West,No,3
479,49,Male,2,725,West,No,6
480,69,Male,3,850,East,No,6
481,67,Male,2,1200,West,No,6
482,73,Female,3,300,West,No,3
483,21,Female,5,1577,West,No,2
484,76,Male,2,1150,West,No,1
485,19,Male,3,600,West,No,2
486,46,Male,3,1800,East,No,1
487,22,Male,5,600,East,No,5
488,51,Female,5,800,West,No,2
489,81,Male,2,1500,West,No,3
490,76,Male,2,1400,East,No,1
491,51,Female,4,813,West,No,6
492,72,Male,3,1400,West,No,3
493,38,Male,5,1400,East,No,3
494,23,Male,3,1063,East,No,1
495,46,Female,5,1600,West,No,6
496,47,Female,3,1000,East,No,9
497,70,Male,2,690,West,Yes,3
498,44,Female,5,700,West,No,2
499,50,Male,4,1800,West,No,1
500,32,Male,2,1300,East,Yes,1
501,84,Male,2,1200,East,No,1
502,41,Female,3,700,West,No,3
503,19,Male,5,450,West,No,5
504,54,Male,3,2700,East,No,3
505,47,Male,3,1600,East,No,6
506,56,Male,5,2000,East,No,6
507,46,Female,5,2500,East,No,9
508,42,Male,5,6000,West,No,5
509,30,Female,5,1313,West,Yes,3
510,37,Male,3,3200,West,No,6
511,20,Male,5,450,East,Yes,3
512,55,Male,5,5000,West,No,9
513,52,Female,5,3500,East,No,2
514,66,Female,4,1200,West,No,6
515,46,Male,5,2300,West,No,2
516,36,Male,3,2125,East,No,9
517,66,Male,4,2700,West,No,2
518,31,Male,4,2950,West,No,5
519,63,Female,3,700,West,No,2
520,27,Female,5,400,East,No,5
521,73,Male,2,1000,West,No,6
522,75,Male,3,2300,West,No,6
523,24,Male,2,1300,West,No,11
524,74,Male,2,1050,West,No,6
525,53,Male,2,2200,East,No,6
526,42,Male,5,2875,West,No,3
527,31,Male,3,1000,East,Yes,9
528,49,Female,5,1700,West,No,2
529,57,Female,5,2125,West,No,2
530,28,Male,5,1550,East,No,2
531,23,Male,3,1500,West,No,6
532,35,Female,3,1000,East,No,1
533,33,Female,3,1050,East,No,11
534,78,Female,3,680,West,No,6
535,21,Female,3,800,West,No,3
536,75,Male,5,1300,East,No,6
537,45,Male,3,1550,East,No,1
538,68,Male,5,3000,West,No,6
539,24,Female,5,550,West,No,2
540,45,Male,3,2375,East,Yes,6
541,70,Male,2,638,East,No,1
542,49,Male,3,2200,West,No,5
543,54,Female,3,2000,East,No,6
544,40,Male,5,2500,West,Yes,5
545,47,Female,3,1220,East,No,3
546,83,Male,5,2300,West,No,1
547,74,Male,2,1450,West,No,9
548,28,Male,5,2800,East,No,6
549,73,Female,2,960,East,No,6
550,77,Female,2,440,West,No,6
551,50,Female,5,3500,West,No,6
552,65,Male,2,1650,West,No,3
553,74,Female,3,813,West,No,6
554,52,Female,5,1313,West,No,6
555,20,Male,2,440,East,No,9
556,35,Male,4,1500,East,No,9
557,44,Female,5,1200,West,Yes,6
558,65,Female,3,1300,East,No,5
559,53,Female,5,1000,West,No,6
560,78,Male,2,1950,East,No,9
561,21,Female,5,800,West,No,6
562,68,Male,2,1189,East,No,6
563,19,Male,3,478,East,No,2
564,44,Female,2,450,East,No,9
565,47,Female,2,1000,West,No,3
566,59,Female,2,1625,West,No,6
567,71,Male,5,1200,East,Yes,1
568,40,Male,5,3000,West,No,2
569,78,Male,2,960,East,No,6
570,22,Female,5,1200,West,No,2
571,20,Male,3,450,West,No,1
572,62,Female,4,2750,West,No,2
573,61,Female,3,1875,East,No,3
574,34,Female,3,1063,West,No,3
575,32,Female,5,950,West,Yes,2
576,59,Male,2,620,East,No,5
577,46,Female,3,800,West,No,5
578,48,Female,3,2300,East,No,6
579,50,Female,3,650,West,No,6
580,78,Male,2,3000,West,No,3
581,18,Female,3,580,West,No,9
582,77,Male,3,1200,East,No,3
583,48,Female,5,1500,West,No,6
584,43,Female,3,2400,East,No,6
585,82,Female,2,1200,East,No,3
586,30,Male,3,2600,West,No,6
587,65,Female,2,1000,West,Yes,9
588,77,Female,2,1000,West,No,5
589,77,Male,3,1100,East,Yes,3
590,54,Female,5,1000,West,No,1
591,75,Male,3,970,East,No,1
592,65,Female,3,850,East,No,3
593,49,Female,5,1313,West,No,6
594,46,Male,2,2000,West,No,9
595,64,Male,5,755,West,Yes,1
596,73,Male,3,860,East,No,3
597,69,Female,2,1800,West,Yes,3
598,74,Male,3,850,West,No,3
599,61,Female,3,500,East,No,6
600,43,Female,2,400,West,No,3
601,44,Male,3,1200,East,No,4
602,29,Male,3,1438,East,No,3
603,33,Female,4,827,East,No,4
604,42,Male,3,2500,West,No,2
605,39,Male,5,2300,East,No,2
606,42,Female,5,364,West,Yes,9
607,74,Female,2,580,East,No,3
608,34,Female,5,2800,West,No,3
609,26,Female,3,500,West,No,3
610,23,Female,5,550,West,No,4
611,52,Male,3,2100,East,No,6
612,50,Female,3,1500,West,No,6
613,49,Female,4,2096,West,Yes,2
614,61,Male,5,1200,West,No,6
615,32,Female,5,2375,West,No,6
616,33,Male,5,1300,East,No,2
617,38,Female,5,1200,West,No,2
618,80,Male,2,1200,West,Yes,6
619,56,Male,5,2125,East,No,1
620,90,Male,2,1800,East,No,1
621,38,Male,4,2500,West,No,5
622,78,Female,2,1300,East,Yes,1
623,67,Female,5,2400,West,No,3
624,77,Male,3,1800,West,No,6
625,64,Male,2,1600,West,No,6
626,46,Female,3,300,East,No,1
627,56,Male,3,2125,West,Yes,6
628,53,Male,3,2625,West,No,3
629,57,Female,3,3000,West,No,2
630,28,Male,4,3300,East,No,6
631,30,Female,3,800,West,Yes,9
632,57,Male,2,2250,West,No,2
633,49,Male,3,1300,West,No,2
634,65,Male,2,1000,East,No,9
635,50,Male,2,2500,West,No,4
636,57,Female,2,780,West,No,3
637,77,Female,2,700,West,No,6
638,30,Male,3,1600,West,No,2
639,51,Male,2,720,West,No,9
640,49,Male,5,4000,West,No,2
641,45,Male,5,4600,West,Yes,6
642,52,Male,2,1300,West,No,6
643,31,Female,3,1400,East,No,9
644,53,Female,3,450,East,No,11
645,43,Male,3,1188,East,No,9
646,64,Male,2,1700,West,No,3
647,64,Male,5,1900,East,No,6
648,47,Male,5,4500,West,No,6
649,29,Male,2,1600,East,No,11
650,50,Female,3,1313,West,No,3
651,63,Female,4,2500,West,No,5
652,24,Female,5,500,West,No,4
653,75,Male,2,1500,West,No,6
654,80,Male,5,2000,East,No,1
655,45,Male,3,688,West,Yes,3
656,70,Female,2,320,West,No,6
657,40,Male,5,1840,West,No,2
658,63,Female,1,220,West,No,3
659,32,Female,5,3400,West,Yes,6
660,38,Female,5,1188,East,No,2
661,25,Male,4,300,West,No,9
662,49,Female,2,700,West,No,6
663,76,Male,2,2300,West,No,6
664,40,Female,5,2000,East,Yes,2
665,80,Female,3,938,West,No,6
666,19,Male,4,300,West,No,3
667,49,Male,3,3300,East,No,5
668,23,Female,3,1500,West,No,3
669,52,Female,3,2350,West,No,3
670,61,Female,3,1063,West,No,2
671,20,Female,5,720,West,No,3
672,70,Male,3,615,East,No,1
673,62,Female,3,900,West,Yes,6
674,68,Male,3,2400,West,No,6
675,26,Female,5,1620,West,No,2
676,62,Female,4,1550,West,Yes,3
677,56,Male,5,4250,East,Yes,9
678,40,Female,3,1400,East,No,1
679,28,Female,5,450,West,No,3
680,59,Female,3,1650,East,No,6
681,58,Female,3,1700,East,No,1
682,76,Male,2,1200,West,No,5
683,47,Male,5,2125,West,No,3
684,50,Female,3,1100,West,No,2
685,48,Male,3,8000,West,No,3
686,59,Male,5,4100,East,No,6
687,59,Male,4,5000,West,No,6
688,62,Female,2,1000,West,No,6
689,53,Male,5,3000,West,No,6
690,20,Male,5,500,West,No,3
691,34,Male,3,3000,East,No,9
692,53,Male,4,4000,West,No,6
693,56,Female,3,600,West,Yes,2
694,59,Male,3,3450,West,No,3
695,83,Male,3,2200,West,No,6
696,25,Male,2,1600,West,No,11
697,38,Male,5,3500,East,Yes,5
698,86,Female,3,550,West,No,2
699,45,Male,3,2200,East,No,6
700,27,Male,3,2000,West,No,6
701,25,Female,3,1300,West,No,3
702,78,Male,2,890,East,No,9
703,42,Female,4,450,West,No,6
704,58,Male,3,3000,West,No,6
705,51,Male,4,3200,West,No,2
706,54,Female,3,1100,West,No,2
707,63,Female,3,1450,East,No,6
708,64,Male,5,2600,West,Yes,5
709,60,Male,3,2600,West,No,3
710,47,Female,3,3000,West,No,6
711,66,Male,3,600,East,No,6
712,80,Male,2,1625,West,Yes,6
713,57,Female,2,600,West,No,9
714,69,Male,2,1200,East,No,6
715,61,Male,3,7500,West,No,5
716,51,Female,3,2000,East,Yes,2
717,44,Male,5,3300,West,No,6
718,65,Male,3,2600,West,No,5
719,52,Female,4,1100,West,No,3
720,45,Female,5,1500,West,No,5
721,80,Female,2,1000,East,No,6
722,46,Female,4,600,West,No,3
723,57,Female,3,800,West,No,6
724,54,Female,3,1200,West,Yes,2
725,49,Male,3,2000,East,No,6
726,76,Male,5,6250,West,Yes,5
727,52,Male,5,7500,West,No,6
728,23,Male,3,700,West,No,1
729,66,Male,3,1590,East,No,9
730,68,Male,5,1900,West,Yes,3
731,42,Male,5,400,West,Yes,1
732,72,Male,5,8000,West,No,9
733,29,Female,5,800,West,No,2
734,37,Female,5,563,West,Yes,3
735,38,Female,5,3600,East,No,6
736,43,Female,5,2000,West,No,3
737,19,Female,5,700,West,Yes,1
738,66,Male,5,1200,East,No,9
739,27,Female,5,2400,East,No,1
740,35,Female,3,1300,West,No,2
741,33,Male,3,1220,East,No,4
742,56,Female,3,1000,East,No,11
743,34,Female,3,280,East,No,11
744,53,Male,5,3500,West,No,6
745,27,Male,4,2000,East,No,1
746,70,Male,2,2100,West,No,6
747,68,Male,3,3000,West,Yes,9
748,35,Male,5,1500,West,No,1
749,73,Female,3,1000,West,No,6
750,30,Female,4,1200,West,No,6
751,21,Male,5,450,West,No,6
752,36,Female,5,850,East,Yes,6
753,81,Female,4,2200,West,No,2
754,68,Female,3,890,West,Yes,6
755,71,Female,3,1400,West,No,3
756,86,Female,2,1200,West,No,6
757,84,Female,2,2000,East,No,1
758,52,Male,2,4200,West,No,3
759,53,Male,3,3300,West,No,6
760,48,Female,5,1500,West,No,2
761,18,Male,3,480,West,No,6
762,47,Male,3,2500,West,No,5
763,70,Male,2,563,West,No,3
764,50,Female,5,2000,West,Yes,2
765,90,Female,3,1100,East,No,3
766,47,Female,3,813,West,No,2
767,46,Female,5,4300,West,No,3
768,24,Male,3,1100,East,No,1
769,48,Male,4,3500,West,No,9
770,53,Male,3,750,West,Yes,9
771,45,Male,4,2600,West,No,2
772,68,Male,2,1800,West,No,3
773,22,Female,5,750,West,No,1
774,65,Female,3,813,East,Yes,6
775,38,Male,3,2250,West,Yes,5
776,66,Male,2,750,West,No,5
777,30,Male,4,1650,East,No,1
778,76,Female,5,1400,East,Yes,3
779,49,Male,2,1000,West,No,3
780,24,Female,3,930,East,No,9
781,50,Male,3,4000,West,No,6
782,88,Male,2,1875,West,No,5
783,36,Male,5,2300,East,No,6
784,51,Male,5,1900,West,Yes,1
785,19,Male,3,450,West,No,6
786,44,Female,3,1250,East,No,1
787,39,Male,3,1438,East,No,9
788,58,Female,4,3100,West,No,9
789,60,Female,5,5500,West,No,2
790,54,Female,2,1438,West,No,6
791,50,Female,5,5000,West,No,6
792,24,Male,2,1800,West,Yes,1
793,61,Male,3,600,West,No,1
794,58,Male,3,3400,West,No,5
795,45,Male,5,8750,West,Yes,6
796,78,Male,2,1000,East,No,6
797,38,Female,5,900,West,Yes,2
798,39,Female,5,650,West,Yes,3
799,68,Male,3,950,East,Yes,1
800,34,Male,3,2900,West,Yes,5
801,33,Male,3,1800,East,No,9
802,61,Female,3,800,East,Yes,6
803,26,Female,5,2000,West,Yes,2
804,66,Female,5,1800,East,No,9
805,29,Female,3,1500,West,No,6
806,32,Male,5,2450,West,Yes,3
807,70,Male,2,1100,East,No,9
808,44,Male,3,2875,West,No,3
809,82,Male,3,1800,East,No,1
810,38,Male,3,1350,East,No,3
811,21,Male,2,1200,West,No,2
812,48,Male,5,1188,East,No,6
813,76,Female,3,800,West,No,6
814,35,Female,2,938,East,No,3
815,28,Female,4,1625,West,No,9
816,64,Female,5,3000,West,No,3
817,24,Female,5,570,East,No,2
818,26,Female,5,480,West,Yes,3
819,67,Male,5,7500,West,No,5
820,88,Female,2,1100,East,Yes,3
821,78,Male,3,1400,East,No,3
822,62,Female,3,900,East,No,3
823,60,Female,5,1900,East,No,1
824,64,Female,2,700,West,No,3
825,27,Male,5,3000,East,No,3
826,75,Female,3,78,West,No,5
827,53,Female,3,938,East,No,1
828,53,Female,3,800,West,Yes,6
829,34,Female,5,2200,West,Yes,6
830,33,Female,5,2100,West,No,6
831,42,Female,5,2600,West,Yes,6
832,54,Male,3,1000,East,No,3
833,76,Male,2,1188,East,No,6
834,63,Male,5,3500,East,No,6
835,51,Male,5,2875,West,Yes,2
836,44,Female,5,1500,West,No,2
837,72,Female,5,620,East,No,6
838,20,Male,3,1625,West,No,9
839,56,Male,3,2500,West,No,6
840,43,Female,5,4000,West,No,6
841,36,Male,3,1800,West,Yes,6
842,50,Female,3,2400,East,No,5
843,33,Female,3,770,West,No,6
844,48,Female,5,1200,West,No,3
845,35,Female,2,688,West,No,2
846,58,Male,2,4000,West,No,3
847,64,Female,2,938,West,No,3
848,20,Female,2,435,West,Yes,2
849,60,Female,3,1500,East,No,3
850,44,Male,2,970,West,No,2
851,44,Male,2,2000,West,No,6
852,45,Male,3,1600,West,No,5
853,65,Female,2,901,West,No,6
854,37,Female,3,2100,West,No,5
855,68,Male,2,1200,West,No,5
856,65,Male,5,650,East,No,2
857,68,Male,3,1850,West,No,1
858,36,Male,3,2500,West,No,9
859,76,Male,3,820,West,No,6
860,87,Male,5,1000,East,No,1
861,49,Male,5,4500,West,No,3
862,47,Male,5,2200,East,No,9
863,44,Female,2,800,West,No,3
864,21,Female,5,457,East,No,6
865,70,Female,4,813,West,No,6
866,73,Female,2,1000,East,No,1
867,56,Female,2,1300,West,No,6
868,77,Male,2,1600,West,No,5
869,33,Male,5,3000,West,No,3
870,81,Female,2,800,East,No,2
871,70,Female,2,1200,West,No,2
872,53,Male,3,2800,East,No,2
873,64,Female,3,1100,West,No,3
874,62,Male,2,2700,West,No,3
875,44,Female,3,813,West,No,2
876,69,Male,2,970,West,No,3
877,54,Female,3,1400,West,No,5
878,21,Male,5,950,West,No,6
879,41,Male,3,2375,West,No,5
880,65,Female,3,2000,West,No,3
881,47,Male,2,1400,East,No,9
882,79,Female,3,300,West,Yes,6
883,61,Male,2,404,West,No,9
884,47,Male,4,2500,West,No,9
885,68,Female,2,550,West,No,5
886,21,Female,3,735,West,Yes,9
887,48,Female,5,2000,West,Yes,2
888,44,Female,5,950,West,No,6
889,59,Male,2,3500,West,No,3
890,59,Female,3,2125,West,No,3
891,52,Female,3,2200,West,No,2
892,44,Male,5,3000,East,Yes,6
893,62,Male,2,2000,West,No,5
894,64,Male,5,1100,East,Yes,9
895,66,Male,5,2500,West,No,9
896,44,Female,5,3600,West,Yes,1
897,33,Male,5,3300,West,No,3
898,77,Male,2,1200,West,No,5
899,61,Male,2,2500,West,No,3
900,30,Male,4,1600,West,Yes,1
901,80,Female,5,920,East,No,2
902,47,Female,3,1260,West,No,9
903,22,Male,5,1500,West,Yes,2
904,37,Male,3,1875,West,No,6
905,75,Male,3,1700,West,No,6
906,86,Female,2,1400,East,No,3
907,37,Male,3,1100,West,Yes,3
908,41,Female,3,1200,West,No,3
909,51,Male,3,1438,East,No,3
910,65,Male,3,2300,West,Yes,6
911,72,Female,2,880,East,No,3
912,20,Female,2,300,West,Yes,3
913,43,Male,5,4100,West,Yes,6
914,59,Female,5,1800,East,No,9
915,54,Male,3,2000,East,No,2
916,64,Male,2,2200,West,No,2
917,56,Female,4,1500,West,No,2
918,31,Male,3,1500,West,No,3
919,32,Female,2,500,West,No,9
920,45,Male,5,1200,West,No,3
921,26,Male,5,600,West,No,5
922,20,Female,5,300,West,No,6
923,81,Male,1,1600,West,No,6
924,76,Male,2,1069,East,No,3
925,18,Male,3,800,West,No,3
926,28,Female,4,2150,West,No,3
927,33,Female,3,165,East,No,2
928,48,Female,3,1400,East,No,5
929,86,Male,5,1438,West,Yes,1
930,46,Female,3,1188,West,No,2
931,55,Female,2,1100,West,No,1
932,57,Female,3,1800,West,No,11
933,74,Male,3,1220,East,No,6
934,19,Female,3,340,West,No,3
935,32,Female,3,765,West,No,3
936,81,Male,2,1300,West,Yes,9
937,57,Male,3,2300,West,Yes,3
938,20,Male,3,680,East,No,6
939,25,Female,5,450,East,Yes,6
940,65,Male,5,2800,West,Yes,9
941,45,Female,3,1200,West,No,6
942,44,Male,5,650,West,No,6
943,60,Male,2,1078,West,No,9
944,35,Male,3,2200,West,No,6
945,32,Female,5,4800,West,No,6
946,65,Female,3,813,West,No,3
947,56,Male,3,970,East,No,5
948,85,Female,1,1800,East,Yes,3
949,70,Female,5,2875,West,No,6
950,65,Female,4,1300,West,No,1
951,36,Female,5,2800,West,Yes,2
952,65,Female,3,430,West,No,5
953,36,Male,5,3500,West,Yes,6
954,51,Male,3,2300,East,No,9
955,77,Female,3,2400,West,Yes,6
956,60,Male,2,2500,West,No,3
957,85,Male,1,900,East,No,6
958,58,Female,3,700,East,No,1
959,34,Female,5,2125,West,No,2
960,69,Male,3,3500,West,No,6
961,48,Female,5,450,West,Yes,6
962,63,Male,3,3000,West,No,3
963,62,Male,3,1000,East,No,9
964,56,Male,2,5000,West,No,6
965,56,Female,3,1700,East,No,1
966,66,Male,5,1600,West,No,3
967,67,Female,5,813,East,No,6
968,81,Female,2,1500,West,No,6
969,78,Female,3,1200,West,No,6
970,65,Male,3,528,East,No,6
971,70,Female,2,800,West,No,6
972,42,Female,5,1900,West,No,3
973,79,Male,2,1800,East,No,6
974,47,Female,3,1188,East,No,3
975,66,Female,3,1200,West,No,5
976,88,Female,3,2500,East,No,1
977,66,Male,4,1300,East,No,1
978,84,Female,1,2000,West,No,3
979,36,Male,5,2000,East,No,9
980,76,Male,2,1340,West,No,9
981,82,Female,2,997,East,No,3
982,82,Male,5,2000,West,No,2
983,35,Male,2,2000,West,No,6
984,55,Female,3,1188,West,No,6
985,55,Male,2,2600,West,No,2
986,41,Male,3,1500,West,No,6
987,37,Female,2,900,West,No,2
988,76,Male,2,900,East,No,6
989,63,Male,2,2000,West,No,6
990,51,Male,3,1400,East,No,9
991,69,Male,5,2125,East,No,6
992,52,Male,2,2000,West,No,5
993,67,Female,3,850,West,No,6
994,25,Female,5,1600,West,No,6
995,34,Female,3,1900,West,No,2
996,51,Male,3,1100,East,No,9
997,65,Male,2,1800,West,No,2
998,42,Male,5,4000,West,No,3
999,57,Male,3,136,West,Yes,9
1000,43,Female,5,1600,West,No,6
1001,75,Female,3,1200,West,No,3
1002,35,Male,4,1000,West,No,1
1003,33,Female,5,3000,East,Yes,6
1004,73,Female,3,955,East,No,6
1005,62,Female,3,1300,East,No,6
1006,33,Male,5,600,West,Yes,6
1007,34,Male,5,1800,West,No,1
1008,52,Female,3,950,East,No,9
1009,66,Male,3,500,East,No,2
1010,46,Male,5,3500,East,No,6
1011,32,Male,3,3500,West,No,1
1012,28,Female,5,600,West,No,3
1013,67,Male,5,2400,West,Yes,6
1014,26,Male,3,2000,West,Yes,1
1015,57,Male,3,3500,West,No,6
1016,49,Female,3,1400,West,No,6
1017,62,Female,2,950,West,No,2
1018,78,Male,2,3000,West,No,6
1019,67,Female,3,950,East,No,3
1020,81,Male,3,3000,West,No,6
1021,20,Male,5,300,West,No,3
1022,48,Female,5,2850,West,No,6
1023,38,Male,2,2300,West,Yes,2
1024,80,Female,5,2000,West,Yes,3
1025,21,Female,2,1100,West,No,3
1026,39,Female,3,850,West,No,2
1027,59,Male,5,3750,West,No,6
1028,36,Female,5,1000,West,Yes,2
1029,45,Male,5,2000,West,No,1
1030,38,Male,3,5000,West,No,6
1031,36,Male,2,2000,West,No,3
1032,47,Female,3,1000,West,No,2
1033,71,Male,3,1400,West,Yes,5
1034,76,Male,5,8000,West,No,3
1035,60,Male,3,4200,East,No,6
1036,34,Female,4,1600,West,No,6
1037,22,Male,4,700,West,No,3
1038,65,Male,2,3500,West,No,6
1039,50,Male,5,3600,East,No,3
1040,69,Female,5,2875,East,No,2
1041,69,Female,2,650,West,No,6
1042,67,Female,3,500,West,Yes,5
1043,55,Female,3,1500,East,No,9
1044,45,Male,3,2000,West,No,6
1045,50,Female,3,1200,West,No,3
1046,48,Male,2,3100,West,No,9
1047,71,Male,3,1100,East,No,3
1048,34,Male,3,1711,East,No,1
1049,71,Male,2,2125,West,No,5
1050,65,Male,5,2000,West,Yes,6
1051,67,Male,4,1800,West,No,3
1052,63,Female,3,1000,East,No,1
1053,44,Male,5,3100,West,No,6
1054,82,Female,2,1500,West,No,6
1055,56,Female,5,2700,West,No,2
1056,49,Male,5,2000,West,No,3
1057,67,Male,3,8750,West,No,2
1058,29,Female,5,1500,West,Yes,6
1059,51,Female,3,1875,West,No,3
1060,73,Male,3,1625,East,No,9
1061,51,Female,3,813,West,No,6
1062,21,Female,4,450,West,No,1
1063,37,Male,2,837,West,Yes,9
1064,74,Female,5,2500,West,No,5
1065,23,Male,4,250,West,No,1
1066,43,Female,3,1400,West,No,3
1067,77,Female,2,1400,East,No,3
1068,52,Male,3,1600,East,No,3
1069,76,Male,4,4500,West,Yes,6
1070,22,Female,5,280,West,No,1
1071,26,Male,5,650,West,No,6
1072,31,Male,4,1600,West,No,1
1073,57,Female,2,1400,West,No,6
1074,70,Female,3,1800,West,No,6
1075,58,Female,4,2000,West,No,6
1076,59,Male,2,1800,West,No,6
1077,47,Female,5,1200,West,Yes,6
1078,31,Female,5,2400,West,No,5
1079,24,Male,3,1313,West,No,4
1080,41,Female,4,1313,West,No,6
1081,55,Male,4,1700,West,No,2
1082,37,Female,2,983,West,No,6
1083,64,Male,2,1185,West,No,5
1084,52,Female,3,938,West,No,9
1085,44,Male,5,1750,West,No,6
1086,45,Female,3,675,East,No,3
1087,21,Male,5,1188,West,No,6
1088,52,Male,5,3800,East,Yes,1
1089,40,Female,2,1000,West,No,6
1090,35,Male,5,1734,West,Yes,3
1091,72,Female,4,460,West,No,2
1092,40,Female,5,800,East,No,2
1093,73,Female,3,1016,East,No,3
1094,78,Male,2,1220,East,No,1
1095,71,Female,5,1050,East,No,3
1096,72,Female,3,1800,East,No,1
1097,81,Male,5,1800,East,No,6
1098,75,Male,4,3800,East,No,3
1099,72,Male,3,4200,West,No,6
1100,46,Female,5,1600,East,Yes,2
1101,60,Male,3,1350,West,No,9
1102,58,Male,3,1063,East,No,1
1103,55,Male,2,720,West,No,1
1104,49,Female,5,1188,West,Yes,6
1105,91,Male,3,1600,West,No,3
1106,60,Male,3,2000,East,No,9
1107,72,Female,3,890,West,No,6
1108,37,Male,5,2300,West,Yes,2
1109,49,Female,3,813,East,No,11
1110,42,Female,2,700,West,No,4
1111,37,Female,5,2000,West,Yes,6
1112,77,Male,2,1200,West,No,6
1113,38,Male,2,532,West,No,9
1114,24,Female,5,597,East,Yes,2
1115,66,Male,2,1800,West,Yes,9
1116,41,Female,3,1188,East,No,2
1117,46,Male,5,4000,West,Yes,2
1118,75,Female,3,360,West,No,2
1119,36,Male,5,3500,West,No,6
1120,54,Female,2,1100,West,No,3
1121,46,Male,3,2300,West,No,6
1122,41,Male,2,1500,East,Yes,9
1123,68,Male,2,780,West,No,6
1124,77,Female,3,2000,West,No,6
1125,73,Male,2,930,East,No,9
1126,51,Female,5,3300,West,No,6
1127,78,Male,2,1450,East,No,9
1128,64,Male,3,1400,West,No,5
1129,54,Female,5,1200,West,Yes,6
1130,64,Male,3,3500,West,No,6
1131,65,Male,3,1010,East,No,6
1132,59,Male,3,1100,East,No,1
1133,38,Female,3,450,West,Yes,3
1134,52,Male,4,2500,East,No,9
1135,38,Female,5,840,West,Yes,2
1136,36,Male,3,1400,East,No,6
1137,59,Male,4,2600,West,No,6
1138,51,Male,3,1500,East,No,3
1139,78,Female,2,938,East,No,6
1140,38,Male,2,3000,West,Yes,2
1141,61,Male,3,600,East,No,9
1142,69,Female,2,1000,West,No,3
1143,74,Male,3,3200,West,No,5
1144,35,Female,3,1100,East,No,1
1145,36,Female,5,1370,East,No,2
1146,59,Male,5,2125,West,No,3
1147,33,Male,5,3500,West,Yes,5
1148,61,Female,2,900,West,Yes,3
1149,65,Male,5,8000,East,No,3
1150,45,Female,2,1000,West,No,11
1151,52,Male,2,1600,West,No,9
1152,67,Female,5,2500,West,No,2
1153,74,Male,2,1050,East,No,6
1154,43,Female,5,1100,East,No,3
1155,74,Female,2,600,West,No,3
1156,34,Male,4,1700,West,No,3
1157,55,Male,5,2000,East,Yes,1
1158,30,Male,5,400,West,Yes,2
1159,24,Male,5,700,West,No,4
1160,77,Male,4,3300,West,No,6
1161,80,Male,2,900,West,No,6
1162,62,Female,5,2000,East,No,6
1163,52,Female,3,1200,West,No,2
1164,24,Female,4,300,East,No,2
1165,40,Female,4,2050,West,No,6
1166,72,Male,3,900,East,No,1
1167,23,Male,5,500,West,No,2
1168,26,Female,3,1550,West,No,2
1169,64,Female,5,564,West,No,5
1170,64,Male,4,2625,West,No,9
1171,84,Female,2,1440,East,No,6
1172,54,Male,3,1900,West,No,9
1173,52,Male,3,5000,East,No,9
1174,85,Male,5,5000,West,No,9
1175,30,Male,3,1700,West,No,3
1176,58,Female,3,1800,West,No,3
1177,34,Female,4,1300,East,No,6
1178,58,Male,5,3400,West,No,1
1179,38,Male,4,4500,West,Yes,6
1180,75,Female,2,1050,West,No,6
1181,76,Female,3,750,West,No,1
1182,40,Male,3,300,West,No,3
1183,27,Male,1,900,East,No,6
1184,34,Male,4,8750,West,No,6
1185,67,Male,5,2000,West,Yes,2
1186,55,Female,3,688,East,No,2
1187,28,Female,5,1600,West,No,1
1188,54,Male,3,2200,West,Yes,3
1189,85,Male,2,1000,West,No,6
1190,33,Female,5,2640,West,No,6
1191,68,Female,2,1100,East,No,3
1192,27,Female,3,1350,East,No,2
1193,54,Male,5,7000,West,Yes,2
1194,26,Male,4,2100,West,No,9
1195,87,Male,5,5000,West,No,9
1196,56,Female,5,4000,East,No,6
1197,64,Female,2,350,West,No,6
1198,40,Male,3,2500,West,No,6
1199,43,Male,5,4200,West,No,3
1200,47,Female,2,938,East,No,6
1201,38,Male,5,1600,East,No,3
1202,51,Male,3,3500,West,No,6
1203,53,Male,2,2500,West,No,9
1204,31,Male,3,2700,West,No,6
1205,67,Female,3,982,West,No,6
1206,52,Female,2,360,West,No,2
1207,57,Female,5,2000,East,No,6
1208,58,Male,3,2125,East,No,6
1209,65,Female,3,900,East,No,1
1210,69,Male,2,1600,West,No,3
1211,57,Male,5,6000,West,No,6
1212,48,Male,5,3500,West,Yes,2
1213,48,Male,3,2500,East,No,6
1214,63,Male,3,650,East,No,3
1215,56,Female,3,2000,West,No,3
1216,51,Female,3,1600,West,No,6
1217,85,Female,3,2000,West,No,3
1218,37,Male,3,2600,West,Yes,5
1219,59,Male,5,3000,East,No,2
1220,18,Male,5,550,West,Yes,2
1221,75,Female,5,300,West,No,6
1222,54,Male,4,4500,West,Yes,9
1223,57,Male,5,4500,East,No,6
1224,59,Male,3,750,East,No,9
1225,65,Male,5,660,East,No,9
1226,23,Male,5,400,East,No,6
1227,37,Male,5,2000,East,Yes,5
1228,52,Male,5,3500,West,No,6
1229,26,Female,1,399,West,No,3
1230,38,Female,5,1200,West,Yes,2
1231,85,Male,2,1600,West,No,6
1232,43,Female,3,590,West,No,1
1233,24,Male,5,400,West,No,3
1234,62,Male,2,2000,West,No,9
1235,54,Male,2,1000,East,No,2
1236,79,Male,5,1600,West,Yes,6
1237,58,Female,5,4300,West,No,5
1238,51,Male,4,875,West,Yes,3
1239,71,Male,5,2125,West,Yes,5
1240,33,Male,5,2400,West,Yes,2
1241,82,Female,5,700,East,No,2
1242,25,Male,5,1000,West,No,9
1243,26,Female,5,1000,West,Yes,6
1244,68,Female,3,350,West,No,2
1245,48,Female,5,4000,West,No,2
1246,70,Male,5,3200,West,Yes,3
1247,64,Female,3,1100,West,No,2
1248,77,Female,2,200,West,No,3
1249,30,Male,3,1550,West,Yes,4
1250,74,Male,5,1700,East,No,6
1251,87,Male,2,700,West,No,6
1252,30,Female,3,2200,West,No,2
1253,78,Female,5,530,West,No,6
1254,48,Male,5,2000,West,No,6
1255,63,Female,2,1300,West,No,6
1256,33,Female,5,2300,West,No,2
1257,65,Male,2,1300,West,No,3
1258,54,Female,2,1100,West,No,9
1259,62,Male,3,2500,West,No,6
1260,18,Female,5,65,West,No,1
1261,42,Female,3,1300,West,Yes,3
1262,41,Male,3,380,East,No,1
1263,51,Male,3,3900,West,No,3
1264,20,Female,5,1200,West,No,3
1265,46,Male,3,2625,East,No,2
1266,76,Female,1,500,East,No,3
1267,55,Male,5,2300,East,No,2
1268,67,Male,2,1438,West,No,6
1269,52,Female,2,1900,West,No,2
1270,36,Female,5,1800,West,Yes,2
1271,29,Male,5,2600,West,No,3
1272,86,Female,5,3300,West,No,6
1273,73,Male,2,2400,West,No,5
1274,54,Female,2,563,East,No,9
1275,50,Female,5,900,West,No,2
1276,37,Male,5,1400,West,No,2
1277,72,Male,5,3500,West,No,6
1278,68,Female,3,250,West,No,5
1279,57,Female,2,674,West,No,6
1280,73,Male,2,1200,West,No,1
1281,50,Female,3,1100,West,No,3
1282,51,Male,4,2700,West,No,6
1283,45,Male,3,2125,West,Yes,3
1284,51,Female,3,1700,East,No,5
1285,45,Female,5,150,West,No,2
1286,47,Female,3,2000,East,No,2
1287,19,Male,4,700,West,No,3
1288,23,Male,5,500,East,No,1
1289,50,Male,2,1040,West,No,3
1290,70,Female,2,730,East,No,6
1291,71,Female,2,2200,West,No,6
1292,62,Male,3,2050,West,No,9
1293,45,Female,4,450,West,Yes,6
1294,59,Female,3,1600,West,No,3
1295,31,Male,3,2400,West,No,5
1296,28,Female,5,2125,West,Yes,6
1297,29,Female,5,2600,West,Yes,2
1298,84,Male,5,1500,East,No,6
1299,36,Female,2,1625,West,No,3
1300,58,Female,3,700,West,No,2
1301,34,Male,3,1600,East,No,9
1302,62,Male,3,2875,West,No,2
1303,46,Male,3,938,East,No,2
1304,61,Female,3,2300,West,No,3
1305,21,Female,5,620,West,No,2
1306,76,Male,5,2400,West,No,6
1307,81,Female,5,1080,East,No,5
1308,53,Male,3,800,East,No,6
1309,41,Male,5,4500,West,No,5
1310,26,Female,3,1100,East,No,6
1311,74,Male,5,1400,East,No,3
1312,59,Male,2,1900,West,No,9
1313,53,Female,2,1000,West,No,5
1314,35,Female,5,670,West,No,6
1315,40,Female,5,1313,West,Yes,5
1316,59,Female,2,3000,West,No,9
1317,60,Male,2,2000,West,No,6
1318,37,Male,2,1050,East,No,11
1319,83,Male,4,1200,East,No,3
1320,44,Female,3,1188,West,No,6
1321,45,Female,5,1800,West,No,2
1322,49,Female,3,1200,West,No,2
1323,83,Female,2,520,West,No,3
1324,50,Male,2,1438,West,No,3
1325,42,Female,4,100,West,No,1
1326,45,Male,5,4500,West,Yes,3
1327,60,Male,2,600,West,No,6
1328,57,Male,3,2875,West,No,3
1329,50,Male,5,3400,East,No,6
1330,68,Male,3,800,West,No,3
1331,42,Female,3,4000,West,No,3
1332,27,Female,5,1600,West,No,6
1333,90,Male,2,2125,West,Yes,5
1334,36,Female,3,650,West,No,6
1335,27,Female,5,400,East,No,2
1336,59,Female,4,1700,West,No,5
1337,26,Female,2,750,West,No,1
1338,30,Male,5,2000,West,No,6
1339,31,Female,5,830,East,No,2
1340,53,Male,5,2400,West,No,1
1341,43,Female,5,2875,East,Yes,3
1342,81,Female,3,1833,West,No,3
1343,38,Male,2,1600,West,No,2
1344,72,Male,2,1980,West,Yes,2
1345,30,Male,4,2400,West,Yes,4
1346,38,Female,3,2250,West,No,6
1347,81,Female,3,1100,West,Yes,3
1348,70,Male,3,2625,West,No,5
1349,54,Male,3,3500,West,No,6
1350,69,Female,3,1400,East,No,3
1351,29,Female,4,1700,West,No,6
1352,56,Female,2,1400,West,No,3
1353,45,Female,3,2200,East,No,3
1354,19,Female,5,1000,East,No,2
1355,46,Female,3,950,West,No,5
1356,35,Female,3,665,East,No,9
1357,75,Male,3,2200,West,No,6
1358,43,Male,5,3500,East,No,9
1359,45,Male,3,1200,East,No,5
1360,49,Male,3,1700,West,No,9
1361,47,Female,3,400,East,No,1
1362,45,Female,3,350,East,No,11
1363,55,Male,2,3000,West,No,3
1364,35,Male,4,2100,East,No,9
1365,56,Female,5,450,West,Yes,6
1366,55,Female,4,800,West,No,5
1367,40,Male,3,2500,West,No,3
1368,69,Male,3,1200,East,No,9
1369,69,Male,3,922,West,No,3
1370,24,Female,4,600,West,Yes,1
1371,22,Male,5,300,West,No,6
1372,57,Female,3,1000,East,No,6
1373,51,Female,3,1000,East,No,9
1374,59,Male,5,1800,West,No,3
1375,63,Male,4,2000,West,No,2
1376,40,Female,4,2000,West,No,2
1377,79,Male,2,1200,West,No,3
1378,51,Female,3,1500,West,No,2
1379,66,Male,5,1300,East,Yes,2
1380,44,Female,4,1500,West,Yes,2
1381,63,Female,3,820,West,No,6
1382,37,Female,5,1500,West,No,5
1383,50,Female,5,2300,West,Yes,2
1384,45,Male,2,1500,East,Yes,2
1385,75,Female,2,1200,West,No,6
1386,74,Male,5,2300,West,No,5
1387,73,Male,2,1200,West,Yes,9
1388,35,Male,3,1500,East,No,6
1389,75,Male,3,950,East,No,3
1390,77,Male,3,1500,West,No,3
1391,51,Female,4,2000,West,Yes,2
1392,72,Male,5,6500,West,Yes,5
1393,36,Female,5,1400,East,No,9
1394,49,Female,3,2500,West,No,3
1395,69,Male,2,1100,West,No,6
1396,28,Female,3,200,West,No,3
1397,72,Male,2,2000,East,No,6
1398,22,Male,5,650,West,No,6
1399,37,Female,3,880,East,No,2
1400,55,Female,3,1350,West,No,9
1401,86,Female,2,1400,West,No,6
1402,30,Male,4,650,West,No,9
1403,25,Female,5,1875,West,No,3
1404,28,Female,5,450,West,Yes,2
1405,55,Female,3,1313,East,No,3
1406,37,Male,4,1200,East,Yes,6
1407,42,Female,4,990,West,Yes,3
1408,46,Male,5,4000,West,No,5
1409,78,Female,2,1875,East,No,1
1410,33,Female,3,1200,West,No,3
1411,50,Male,2,1100,East,No,2
1412,34,Male,3,760,East,No,9
1413,34,Female,3,1800,West,No,9
1414,72,Male,5,3000,West,No,6
1415,33,Female,4,1200,West,No,6
1416,74,Male,5,4000,West,Yes,6
1417,89,Male,3,2800,West,No,6
1418,57,Male,3,1400,East,No,9
1419,60,Male,3,900,West,No,9
1420,65,Male,3,735,East,No,2
1421,46,Female,5,3300,West,Yes,6
1422,58,Male,3,4000,West,No,9
1423,66,Male,2,720,East,No,1
1424,58,Male,5,4200,West,No,6
1425,58,Male,3,3000,East,No,9
1426,60,Male,3,1188,East,Yes,6
1427,51,Male,5,6250,West,No,9
1428,60,Male,5,2000,West,Yes,2
1429,52,Male,3,4400,West,No,6
1430,19,Female,3,950,East,No,3
1431,48,Male,5,4500,West,Yes,6
1432,26,Male,3,1200,East,No,4
1433,40,Female,5,2200,West,No,6
1434,66,Female,3,1000,East,No,6
1435,30,Male,5,2500,West,No,6
1436,60,Female,3,400,East,No,6
1437,71,Female,2,600,West,No,3
1438,60,Female,3,750,East,No,6
1439,56,Female,4,2070,East,No,6
1440,85,Male,2,1200,East,No,2
1441,79,Female,2,1000,West,No,6
1442,64,Male,5,2500,West,No,3
1443,33,Female,5,500,East,Yes,3
1444,36,Female,2,1500,West,Yes,2
1445,70,Female,3,1313,West,Yes,6
1446,48,Male,5,3000,West,No,3
1447,48,Male,5,2200,East,No,3
1448,61,Male,5,2300,West,Yes,1
1449,47,Female,2,1500,West,No,3
1450,88,Female,2,480,West,No,6
1451,78,Male,5,1430,East,No,3
1452,64,Male,5,3000,West,Yes,9
1453,34,Male,3,1875,West,No,3
1454,89,Male,4,1800,East,Yes,3
1455,36,Female,5,1388,West,Yes,2
1456,56,Female,5,1500,West,No,6
1457,22,Male,5,440,East,No,4
1458,56,Female,5,2050,West,Yes,9
1459,37,Male,5,3500,West,No,6
1460,35,Female,3,2500,West,No,6
1461,27,Male,3,2300,East,Yes,6
1462,56,Female,5,500,West,No,2
1463,76,Female,2,1200,West,No,6
1464,28,Male,3,1000,East,No,9
1465,60,Female,4,2400,East,No,2
1466,65,Male,3,1350,East,No,9
1467,49,Female,3,1600,West,No,3
1468,82,Female,2,1063,West,No,3
1469,62,Male,3,1500,East,No,2
1470,55,Male,2,2000,West,No,6
1471,55,Female,3,2500,East,No,3
1472,59,Male,2,2700,West,No,9
1473,48,Female,4,1600,East,No,6
1474,39,Male,3,1750,West,Yes,9
1475,37,Female,2,300,West,No,6
1476,42,Male,3,6500,West,No,9
1477,65,Male,5,4500,West,Yes,2
1478,52,Male,3,1438,East,No,6
1479,21,Male,4,1300,East,No,1
1480,42,Male,2,200,West,No,9
1481,70,Female,5,150,West,No,2
1482,50,Female,3,450,West,No,6
1483,66,Male,5,2200,West,No,3
1484,71,Female,2,1400,East,No,9
1485,65,Male,2,1100,East,No,9
1486,52,Male,2,2500,West,No,6
1487,58,Female,2,1900,West,No,3
1488,44,Male,5,5000,West,No,6
1489,63,Female,3,1400,East,No,6
1490,55,Male,3,1900,East,No,1
1491,62,Female,2,2000,West,No,3
1492,61,Male,3,2000,West,No,9
1493,23,Female,5,1200,West,Yes,2
1494,76,Male,2,2800,West,No,2
1495,57,Female,3,688,West,No,3
1496,76,Male,2,1350,West,No,3
1497,59,Male,5,8750,West,Yes,5
1498,53,Male,3,2500,West,No,9
1499,37,Female,5,1500,East,Yes,3
1500,48,Female,3,900,West,Yes,6
1501,56,Female,2,320,West,No,6
1502,32,Female,5,412,West,No,2
1503,45,Male,3,1500,East,No,3
1504,65,Female,3,586,East,No,9
1505,57,Female,3,1600,East,No,3
1506,46,Female,5,4500,West,No,6
1507,43,Male,4,3500,West,Yes,3
1508,79,Male,2,1438,West,No,5
1509,45,Female,2,800,West,No,5
1510,47,Female,4,1200,West,No,2
1511,63,Female,3,2875,West,No,6
1512,42,Male,4,5000,West,Yes,5
1513,73,Male,5,6250,West,No,5
1514,45,Male,4,1500,West,No,9
1515,29,Female,5,1400,West,Yes,2
1516,59,Female,4,800,West,No,2
1517,48,Male,4,1400,West,No,2
1518,55,Male,3,2400,West,Yes,1
1519,82,Female,2,1500,East,No,6
1520,63,Male,5,936,East,No,9
1521,76,Male,2,900,East,No,9
1522,31,Female,4,950,East,No,1
1523,55,Male,2,1200,West,No,9
1524,44,Female,3,500,West,No,3
1525,64,Female,2,1300,West,No,5
1526,52,Female,3,2000,East,No,1
1527,64,Female,2,1300,West,No,6
1528,21,Female,4,640,West,No,3
1529,60,Male,5,5000,West,No,2
1530,47,Male,3,2625,West,No,3
1531,56,Female,2,200,West,No,6
1532,32,Female,5,2000,East,No,1
1533,59,Female,2,450,West,No,2
1534,57,Male,2,2000,West,No,2
1535,31,Male,3,1250,East,No,4
1536,48,Male,5,3500,East,No,3
1537,51,Male,5,2400,West,No,6
1538,55,Female,3,1800,West,No,1
1539,50,Male,2,2200,West,Yes,2
1540,36,Male,5,3100,West,Yes,9
1541,24,Female,5,476,East,No,2
1542,42,Female,3,404,East,No,11
1543,87,Male,3,1500,West,No,6
1544,47,Female,3,1300,West,No,5
1545,77,Female,3,1063,East,No,1
1546,35,Female,5,1100,West,Yes,6
1547,26,Male,5,1300,West,Yes,6
1548,75,Female,2,450,West,Yes,5
1549,69,Male,5,2000,West,No,6
1550,56,Female,3,360,West,No,3
1551,82,Male,3,2625,West,No,6
1552,33,Male,5,3800,West,Yes,2
1553,46,Male,3,2000,East,No,2
1554,70,Male,2,1800,West,No,6
1555,79,Male,5,3000,West,No,3
1556,50,Female,3,1300,East,No,1
1557,66,Female,3,688,West,No,2
1558,56,Female,5,1350,West,No,3
1559,52,Female,3,2000,East,No,3
1560,75,Male,2,2700,West,No,3
1561,68,Female,5,1000,West,Yes,6
1562,30,Female,2,1000,West,No,5
1563,62,Female,5,600,East,No,6
1564,63,Male,3,1394,East,No,1
1565,43,Male,5,1700,West,No,2
1566,72,Female,3,1080,East,No,3
1567,26,Female,3,1500,East,No,6
1568,64,Male,5,9500,West,No,5
1569,75,Female,2,520,West,No,6
1570,78,Male,3,1200,West,No,6
1571,48,Male,5,2500,West,No,9
1572,68,Male,3,800,East,No,3
1573,62,Female,2,1200,West,No,3
1574,68,Male,3,650,East,Yes,3
1575,31,Female,5,1300,West,Yes,3
1576,63,Male,3,1500,East,No,6
1577,21,Male,5,700,West,Yes,2
1578,62,Female,2,887,West,No,3
1579,39,Male,5,1200,West,Yes,2
1580,83,Male,3,2500,West,Yes,5
1581,22,Male,5,450,West,No,3
1582,33,Female,3,359,East,No,11
1583,80,Female,2,900,West,No,6
1584,32,Male,4,8750,West,Yes,6
1585,44,Female,3,1100,West,No,2
1586,56,Male,5,2125,West,No,2
1587,57,Male,3,2000,East,No,5
1588,75,Female,3,1063,West,No,9
1589,60,Male,2,2625,West,Yes,9
1590,65,Male,4,1600,West,Yes,3
1591,46,Female,3,3000,West,No,6
1592,60,Female,5,2125,West,No,6
1593,53,Female,3,500,West,No,2
1594,57,Male,2,1500,West,Yes,3
1595,75,Female,3,1500,East,No,1
1596,63,Male,2,1313,West,No,6
1597,23,Male,5,3000,West,No,6
1598,82,Male,3,1100,East,No,3
1599,22,Female,4,1600,West,No,3
1600,43,Male,3,2300,West,No,3
1601,45,Male,3,2875,East,No,6
1602,25,Male,3,2100,West,No,3
1603,46,Male,3,2000,East,No,4
1604,65,Female,3,1000,West,No,3
1605,24,Female,4,266,West,No,2
1606,64,Male,3,1800,East,No,1
1607,66,Female,2,1400,West,No,6
1608,79,Male,2,1700,West,No,3
1609,30,Male,3,2200,West,Yes,9
1610,62,Female,3,600,East,No,6
1611,76,Female,2,700,East,No,5
1612,78,Female,2,4500,West,Yes,1
1613,23,Male,3,1100,West,No,9
1614,23,Female,5,550,East,Yes,2
1615,34,Male,2,1450,East,No,3
1616,23,Female,2,750,East,No,1
1617,28,Female,4,770,West,No,9
1618,67,Female,5,2000,East,No,2
1619,32,Male,3,1438,East,No,9
1620,43,Male,4,4000,West,No,6
1621,48,Male,3,4000,West,No,6
1622,43,Male,3,2375,West,No,6
1623,52,Male,3,2875,West,No,2
1624,74,Female,3,350,West,Yes,5
1625,33,Male,3,1625,West,No,9
1626,55,Male,5,3500,West,No,6
1627,53,Female,3,1300,West,No,2
1628,72,Male,2,1050,West,No,6
1629,39,Male,5,2000,West,No,6
1630,48,Male,3,1500,East,No,5
1631,38,Male,3,1600,East,No,5
1632,65,Female,3,560,East,No,6
1633,52,Male,5,2700,West,No,2
1634,91,Female,2,1200,West,No,3
1635,49,Female,3,960,East,No,3
1636,81,Male,2,800,West,No,6
1637,37,Male,3,970,West,No,9
1638,69,Male,2,2200,West,Yes,5
1639,73,Female,3,2000,West,No,2
1640,41,Female,5,1875,West,No,3
1641,63,Male,5,2500,East,No,6
1642,69,Female,3,938,East,No,9
1643,61,Male,5,1500,West,Yes,2
1644,54,Male,3,2500,East,No,9
1645,57,Male,3,460,East,No,6
1646,52,Male,4,1800,West,No,2
1647,65,Male,4,2900,West,No,6
1648,37,Female,5,1200,East,Yes,6
1649,29,Male,5,2400,East,Yes,3
1650,27,Female,5,813,West,Yes,3
1651,21,Female,5,600,East,No,6
1652,58,Male,5,3200,East,No,1
1653,53,Male,3,2125,West,No,5
1654,55,Male,5,4500,West,No,2
1655,34,Male,3,1600,East,No,5
1656,72,Male,2,1800,West,No,3
1657,49,Female,3,1100,East,No,2
1658,47,Male,4,4500,East,No,6
1659,63,Male,2,2000,West,No,9
1660,51,Female,4,2375,West,No,5
1661,31,Female,3,900,West,Yes,3
1662,54,Male,3,1400,East,No,6
1663,73,Female,3,2500,West,No,5
1664,71,Female,5,1200,West,Yes,1
1665,38,Male,3,1625,East,No,1
1666,54,Female,2,1200,West,No,3
1667,22,Female,5,400,West,No,2
1668,50,Male,2,2700,West,No,6
1669,67,Female,2,1400,West,No,3
1670,19,Female,4,350,West,No,6
1671,29,Female,5,1800,West,No,3
1672,54,Male,3,1200,East,No,6
1673,67,Female,3,2600,West,No,6
1674,77,Female,5,1100,East,No,1
1675,52,Male,5,3000,West,No,2
1676,42,Male,4,2400,West,No,1
1677,40,Female,3,800,West,No,3
1678,47,Male,4,2700,West,No,2
1679,64,Male,3,1450,East,No,3
1680,62,Male,3,800,West,No,3
1681,32,Male,2,1063,West,No,4
1682,56,Female,5,2500,West,No,6
1683,46,Female,3,1375,East,No,6
1684,71,Male,3,2300,West,No,2
1685,39,Female,5,1200,West,No,6
1686,51,Female,3,800,East,No,3
1687,71,Female,3,600,West,No,6
1688,48,Male,5,2875,East,No,3
1689,83,Female,3,1438,West,No,5
1690,61,Female,3,280,West,No,6
1691,32,Male,5,2200,West,No,5
1692,24,Female,5,850,West,No,2
1693,55,Female,5,4200,West,No,6
1694,80,Female,3,1100,West,No,6
1695,42,Male,4,3600,West,No,3
1696,25,Female,5,1082,West,No,2
1697,56,Female,3,650,East,No,1
1698,68,Male,5,3500,West,No,6
1699,70,Male,2,1330,West,No,5
1700,44,Female,5,2125,West,No,5
1701,64,Female,2,913,West,No,2
1702,67,Female,3,850,East,Yes,6
1703,76,Male,2,1200,East,No,6
1704,59,Female,2,1150,West,No,3
1705,43,Female,3,1600,West,No,11
1706,34,Female,5,2125,East,No,3
1707,26,Female,5,800,East,No,3
1708,56,Male,3,1875,East,No,5
1709,61,Female,2,370,West,No,6
1710,56,Male,3,2375,East,Yes,1
1711,57,Male,5,6000,West,Yes,5
1712,34,Female,3,1800,West,No,3
1713,28,Male,3,1000,East,No,6
1714,67,Female,3,1650,East,No,1
1715,34,Male,5,3200,West,Yes,2
1716,73,Female,3,1800,West,No,6
1717,72,Female,4,300,West,No,3
1718,53,Female,3,650,East,No,3
1719,50,Female,3,820,East,No,5
1720,63,Male,2,1200,West,No,6
1721,25,Male,3,1300,East,No,1
1722,25,Female,3,670,West,No,3
1723,34,Male,4,1500,East,No,1
1724,53,Male,3,2600,West,No,6
1725,68,Male,2,2125,West,No,6
1726,37,Female,3,600,East,No,2
1727,58,Male,5,4000,East,Yes,3
1728,57,Female,3,1100,East,No,9
1729,53,Male,5,4500,West,Yes,5
1730,71,Male,2,1200,West,No,3
1731,97,Female,5,1100,East,No,2
1732,26,Female,5,1200,West,Yes,6
1733,66,Female,3,400,East,Yes,6
1734,33,Female,2,1800,West,Yes,1
1735,46,Male,2,1800,West,No,6
1736,20,Female,5,1100,West,Yes,1
1737,38,Male,3,1500,East,No,1
1738,26,Male,5,600,East,Yes,1
1739,48,Female,3,1100,East,No,2
1740,29,Male,5,900,West,No,2
1741,40,Male,3,2700,East,No,2
1742,63,Female,3,1875,West,No,2
1743,51,Female,5,900,West,No,9
1744,57,Female,4,1550,West,Yes,2
1745,47,Male,3,1100,East,No,4
1746,32,Male,5,1700,West,No,3
1747,20,Female,5,1750,West,Yes,2
1748,57,Male,3,2000,East,Yes,6
1749,49,Female,5,2000,West,No,3
1750,55,Female,3,1700,West,No,3
1751,50,Female,3,400,West,No,2
1752,23,Female,5,1800,West,No,6
1753,55,Male,5,2100,East,No,3
1754,50,Female,3,813,East,No,6
1755,25,Male,2,1800,West,No,6
1756,31,Male,5,2400,East,Yes,4
1757,78,Female,5,1200,East,No,1
1758,40,Female,5,1800,West,Yes,1
1759,60,Male,4,3000,West,No,6
1760,70,Male,3,900,East,No,9
1761,66,Male,3,823,East,No,3
1762,52,Female,3,500,East,No,6
1763,49,Female,2,550,West,No,9
1764,39,Male,3,3800,West,No,5
1765,71,Male,2,950,East,No,9
1766,65,Female,2,1500,West,No,2
1767,66,Female,5,488,East,Yes,2
1768,53,Male,2,1800,West,No,6
1769,47,Female,5,900,West,No,2
1770,57,Male,3,3800,East,No,3
1771,54,Female,3,1800,West,No,3
1772,35,Female,5,1,East,No,6
1773,47,Female,3,2800,West,No,9
1774,64,Female,3,450,East,No,6
1775,53,Male,5,1500,East,No,3
1776,25,Male,5,450,West,No,9
1777,53,Male,2,1400,West,Yes,1
1778,65,Male,5,4500,West,Yes,2
1779,36,Male,4,3500,West,No,5
1780,31,Male,2,1900,West,Yes,3
1781,52,Female,3,1800,West,No,3
1782,79,Male,5,2375,West,No,3
1783,28,Female,5,2700,West,Yes,6
1784,67,Male,2,1750,East,No,3
1785,75,Female,2,800,East,No,9
1786,43,Male,2,2050,West,No,6
1787,73,Female,2,820,East,No,6
1788,22,Male,2,2000,West,No,6
1789,59,Male,4,3100,West,No,2
1790,47,Male,2,1235,West,No,6
1791,54,Female,4,1000,East,No,1
1792,36,Female,5,2100,West,No,6
1793,69,Male,3,1250,East,No,6
1794,27,Male,5,2400,West,No,1
1795,42,Male,3,1750,West,Yes,3
1796,82,Male,5,1500,East,No,3
1797,32,Male,5,500,West,No,2
1798,75,Female,2,1063,East,No,3
1799,35,Male,3,600,East,Yes,4
1800,29,Male,5,1500,West,Yes,3
1801,46,Male,3,938,West,No,3
1802,41,Male,5,3000,West,No,6
1803,70,Male,2,1500,West,No,6
1804,68,Male,5,2100,West,No,2
1805,45,Female,3,900,West,Yes,6
1806,66,Female,2,1000,West,No,5
1807,45,Male,5,5500,West,Yes,3
1808,59,Male,3,816,East,No,6
1809,68,Female,2,1000,West,Yes,6
1810,53,Male,2,680,East,No,9
1811,46,Male,4,1700,West,No,3
1812,33,Female,5,2300,West,No,5
1813,54,Female,1,45,East,No,2
1814,76,Male,2,1200,West,No,2
1815,69,Male,5,2500,West,No,3
1816,26,Male,5,1429,East,No,5
1817,67,Female,5,420,West,Yes,2
1818,23,Female,5,450,West,No,6
1819,48,Male,2,1300,East,No,1
1820,65,Male,2,1500,West,No,3
1821,56,Female,3,500,East,No,6
1822,39,Female,5,1000,East,No,3
1823,46,Female,3,1000,East,No,6
1824,69,Male,4,3500,West,No,3
1825,51,Female,3,1625,West,No,6
1826,75,Male,3,1300,West,Yes,2
1827,61,Male,5,2875,West,No,5
1828,55,Male,3,390,East,No,1
1829,50,Female,3,3000,East,No,3
1830,27,Male,1,750,East,Yes,3
1831,58,Male,4,150,West,No,6
1832,57,Female,2,1800,West,No,3
1833,21,Male,5,300,West,Yes,2
1834,59,Female,5,2700,West,Yes,3
1835,52,Male,3,1438,East,No,3
1836,36,Female,5,1600,West,Yes,3
1837,34,Male,3,2900,East,No,6
1838,50,Male,2,1700,West,No,3
1839,31,Female,5,1800,West,Yes,1
1840,26,Male,5,2100,West,No,5
1841,76,Female,2,688,West,No,6
1842,31,Male,3,1800,East,No,5
1843,23,Male,5,1500,West,No,5
1844,76,Male,2,1200,East,No,1
1845,73,Male,2,1400,East,No,6
1846,52,Male,5,1750,West,No,2
1847,61,Female,5,4300,West,No,6
1848,75,Male,2,2375,West,No,2
1849,28,Female,5,1990,East,Yes,1
1850,46,Male,5,5000,West,No,2
1851,23,Male,3,2211,West,No,6
1852,66,Male,2,1800,West,No,2
1853,53,Female,4,900,West,No,2
1854,64,Female,5,1400,East,No,2
1855,30,Female,5,875,West,Yes,2
1856,48,Male,2,1800,West,No,5
1857,63,Male,2,1500,West,No,5
1858,73,Female,3,1500,East,No,3
1859,66,Female,2,720,East,No,9
1860,63,Male,3,1300,East,No,3
1861,75,Male,2,1050,East,No,6
1862,63,Female,3,1800,East,No,5
1863,31,Female,3,1100,West,Yes,3
1864,66,Female,3,813,East,No,6
1865,46,Male,3,1000,East,No,9
1866,53,Female,3,1400,East,No,3
1867,44,Female,3,2300,East,No,1
1868,89,Female,5,2000,West,No,6
1869,47,Female,5,700,West,Yes,6
1870,53,Male,3,3500,East,Yes,9
1871,76,Male,2,1438,West,No,3
1872,78,Male,5,3300,West,No,2
1873,52,Female,5,2250,East,Yes,2
1874,33,Female,3,1300,West,No,1
1875,73,Female,5,2375,East,No,1
1876,50,Male,5,6250,West,No,5
1877,56,Female,3,353,West,No,3
1878,47,Male,3,834,East,No,9
1879,58,Female,5,3500,West,No,2
1880,67,Male,3,850,East,No,6
1881,87,Female,2,1100,West,No,3
1882,52,Female,2,710,East,No,1
1883,47,Male,2,450,West,No,9
1884,58,Male,3,742,East,No,3
1885,63,Female,2,795,West,No,5
1886,72,Male,2,780,East,No,9
1887,73,Male,4,3000,West,Yes,5
1888,65,Male,4,8750,East,No,6
1889,48,Male,3,1600,West,No,3
1890,80,Female,2,200,West,No,3
1891,67,Female,2,645,East,No,3
1892,68,Female,3,845,West,No,3
1893,49,Male,3,3900,West,No,5
1894,60,Male,5,620,East,No,2
1895,51,Male,5,1200,West,No,1
1896,62,Male,5,1875,East,No,2
1897,53,Female,3,350,East,Yes,6
1898,26,Male,5,1300,West,No,2
1899,53,Female,4,1875,East,No,3
1900,34,Female,5,5000,West,Yes,6
1901,32,Female,3,900,West,Yes,6
1902,48,Male,2,1900,West,No,1
1903,35,Female,5,1100,West,No,3
1904,31,Female,3,1200,East,No,6
1905,84,Male,4,1100,West,Yes,3
1906,75,Female,4,1063,East,No,9
1907,44,Female,2,800,West,No,5
1908,70,Female,5,456,West,No,5
1909,51,Female,3,896,East,No,2
1910,84,Male,5,1800,East,No,3
1911,54,Male,3,1875,East,No,3
1912,64,Male,3,1500,West,No,1
1913,42,Female,5,2000,West,No,6
1914,32,Female,5,3300,West,No,6
1915,49,Male,2,2400,East,Yes,6
1916,38,Female,2,1000,West,No,3
1917,52,Male,5,5000,West,Yes,1
1918,46,Female,3,938,East,No,1
1919,67,Female,2,1000,West,Yes,2
1920,44,Female,3,450,East,No,9
1921,62,Male,5,640,East,No,9
1922,24,Male,5,2100,East,No,6
1923,50,Female,3,800,East,No,2
1924,29,Male,2,1900,West,No,3
1925,68,Male,5,4500,West,Yes,6
1926,64,Female,3,750,West,No,3
1927,48,Male,5,1800,West,No,2
1928,57,Male,5,6250,West,Yes,1
1929,25,Female,5,1300,West,No,3
1930,85,Female,2,1063,East,No,6
1931,18,Male,5,150,West,No,2
1932,66,Female,2,280,West,No,5
1933,76,Male,2,1063,East,No,3
1934,79,Female,3,2000,West,Yes,5
1935,84,Male,2,1800,East,No,3
1936,71,Female,3,1040,East,No,3
1937,51,Male,1,400,East,No,9
1938,64,Female,2,1009,West,No,6
1939,60,Male,2,1188,West,Yes,2
1940,48,Male,3,1625,West,No,3
1941,65,Male,2,1188,West,Yes,3
1942,48,Female,3,2400,East,No,9
1943,76,Female,3,2500,West,No,6
1944,60,Female,5,1200,West,Yes,2
1945,66,Male,2,512,West,No,2
1946,63,Male,3,800,East,Yes,5
1947,54,Female,4,563,East,No,6
1948,88,Male,2,1500,East,No,5
1949,40,Male,3,1700,West,No,6
1950,61,Male,5,3000,East,No,6
1951,30,Female,5,380,West,No,6
1952,71,Male,3,2000,West,Yes,6
1953,60,Male,5,2700,East,No,1
1954,30,Male,3,2500,West,No,6
1955,64,Female,3,1500,West,No,6
1956,75,Female,5,1875,West,Yes,3
1957,80,Female,2,600,East,No,1
1958,67,Male,5,2800,West,No,3
1959,33,Female,2,1311,West,No,9
1960,66,Female,3,1000,East,No,6
1961,82,Male,2,1063,East,No,6
1962,50,Male,3,6250,West,No,6
1963,48,Female,5,3500,West,Yes,6
1964,36,Female,3,280,East,No,9
1965,57,Female,3,2400,East,No,9
1966,18,Male,5,800,West,Yes,6
1967,67,Female,3,688,East,No,3
1968,53,Male,4,1500,East,No,9
1969,38,Male,3,1375,East,No,9
1970,29,Male,3,1500,West,No,9
1971,60,Male,2,1400,West,No,9
1972,67,Male,5,3500,West,Yes,5
1973,61,Male,3,980,East,No,3
1974,52,Male,5,7300,West,No,3
1975,67,Male,3,1100,East,Yes,1
1976,32,Male,3,2300,West,No,1
1977,57,Male,5,950,West,No,1
1978,78,Male,4,1300,West,No,5
1979,79,Female,2,630,East,No,6
1980,49,Female,3,1000,West,No,6
1981,53,Male,3,2000,East,No,1
1982,63,Male,3,990,West,No,9
1983,51,Male,5,2100,West,Yes,2
1984,32,Female,5,1750,East,Yes,3
1985,55,Male,3,1875,West,No,6
1986,48,Male,3,3000,West,Yes,6
1987,47,Male,5,1340,West,No,2
1988,78,Female,2,500,East,No,9
1989,46,Female,5,900,East,Yes,1
1990,57,Male,2,2000,West,Yes,6
1991,23,Male,5,500,West,No,2
1992,22,Female,5,400,West,No,3
1993,40,Female,5,450,West,Yes,3
1994,49,Male,3,3000,West,No,5
1995,53,Female,3,1450,East,No,1
1996,67,Male,2,680,West,No,6
1997,56,Male,3,1600,East,No,9
1998,68,Male,2,1625,West,No,3
1999,62,Male,2,1800,West,No,6
2000,52,Male,3,2000,West,No,2
2001,64,Male,4,4000,West,Yes,3
2002,33,Female,5,1600,West,Yes,2
2003,67,Male,5,1000,East,No,3
2004,37,Male,3,1600,East,No,9
2005,48,Male,3,1600,East,No,6
2006,25,Male,5,2100,West,Yes,2
2007,42,Female,5,1800,West,Yes,6
2008,44,Female,3,1200,West,Yes,5
2009,32,Female,3,800,East,No,9
2010,51,Female,5,3500,West,Yes,2
2011,83,Male,2,1400,West,No,2
2012,84,Female,2,700,East,No,1
2013,90,Male,4,3500,West,Yes,1
2014,46,Male,5,1800,East,Yes,1
2015,50,Male,2,3000,West,No,4
2016,55,Male,5,3500,West,No,5
2017,23,Male,3,1500,West,No,3
2018,49,Male,3,2400,East,No,3
2019,34,Male,2,1188,West,Yes,3
2020,41,Female,3,1200,East,No,9
2021,71,Male,2,1200,West,No,6
2022,64,Male,5,1200,West,Yes,5
2023,29,Male,3,2600,West,No,6
2024,79,Female,5,3400,West,No,5
2025,51,Female,3,1500,East,No,9
2026,68,Male,4,5000,East,No,5
2027,23,Female,5,200,West,No,6
2028,40,Male,2,460,East,No,1
2029,60,Female,3,800,East,No,1
2030,81,Female,5,2125,West,Yes,2
2031,42,Female,2,1000,West,No,3
2032,52,Male,3,1600,East,No,3
2033,55,Female,3,1500,East,No,1
2034,25,Male,5,556,East,Yes,6
2035,60,Female,3,1000,East,No,6
2036,67,Male,5,2700,West,No,2
2037,66,Male,2,2200,West,No,5
2038,45,Female,5,2000,East,No,6
2039,48,Male,3,1200,West,No,6
2040,77,Male,5,901,East,No,1
2041,44,Female,5,2500,West,Yes,6
2042,62,Female,3,688,East,No,1
2043,31,Female,5,2300,West,No,6
2044,52,Male,3,700,West,No,9
2045,74,Female,2,1188,East,No,1
2046,51,Male,4,2700,West,No,2
2047,63,Male,2,1650,West,No,3
2048,22,Male,2,1300,East,No,6
2049,52,Female,4,1700,West,Yes,2
2050,56,Male,2,1875,West,No,3
2051,81,Male,2,1438,West,No,9
2052,19,Female,5,470,West,No,11
2053,76,Male,5,1400,East,No,9
2054,66,Male,3,1188,East,No,6
2055,69,Female,5,2125,East,No,6
2056,46,Male,3,1450,East,No,9
2057,79,Male,2,1625,West,Yes,2
2058,74,Male,2,4000,West,Yes,3
2059,60,Female,2,1625,West,No,3
2060,29,Female,5,1300,East,No,9
2061,28,Male,5,3000,West,No,5
2062,57,Female,3,550,West,No,6
2063,67,Female,2,2125,West,No,3
2064,20,Female,2,1200,West,No,6
2065,67,Male,3,1500,West,Yes,6
2066,42,Female,3,800,West,No,6
2067,74,Male,2,1050,West,No,3
2068,65,Female,3,900,East,No,1
2069,60,Female,5,2500,West,Yes,2
2070,22,Male,2,730,West,No,9
2071,54,Female,2,1600,West,No,6
2072,52,Male,5,2400,East,No,1
2073,64,Female,3,1400,East,No,2
2074,40,Male,5,3200,West,No,4
2075,20,Male,5,688,West,No,5
2076,51,Male,3,2300,West,No,3
2077,23,Male,5,2050,West,No,5
2078,67,Female,3,550,East,No,9
2079,44,Female,2,1100,West,No,9
2080,55,Female,5,1800,East,No,6
2081,47,Male,5,2600,West,No,1
2082,28,Female,3,1200,West,No,6
2083,49,Male,5,3500,West,No,2
2084,69,Female,3,524,West,No,3
2085,59,Female,3,2000,East,No,6
2086,25,Female,5,2150,West,No,3
2087,26,Male,3,1500,East,No,2
2088,57,Female,5,1438,West,No,1
2089,63,Male,3,2400,West,No,6
2090,20,Female,3,772,West,No,6
2091,27,Female,5,450,East,No,6
2092,56,Female,3,404,East,No,5
2093,24,Female,4,1800,West,No,3
2094,60,Male,5,5800,West,No,6
2095,51,Male,3,1500,West,No,6
2096,84,Female,2,400,West,No,3
2097,77,Female,2,776,East,No,3
2098,62,Male,5,3500,West,Yes,3
2099,74,Male,2,550,West,No,9
2100,19,Female,4,700,West,Yes,2
2101,83,Female,5,800,West,Yes,2
2102,53,Female,4,2000,West,No,9
2103,47,Female,3,758,West,No,6
2104,54,Male,4,4500,West,No,2
2105,32,Female,5,1200,West,Yes,2
2106,33,Male,5,3200,West,No,6
2107,55,Female,5,3500,East,No,1
2108,64,Female,5,550,West,No,1
2109,58,Female,4,860,East,No,1
2110,72,Female,3,1400,East,No,6
2111,73,Male,5,2800,West,Yes,1
2112,57,Male,3,1300,East,No,1
2113,54,Female,3,1500,West,No,3
2114,64,Female,3,1000,East,No,3
2115,45,Female,5,2400,West,Yes,6
2116,65,Female,2,2200,West,No,9
2117,40,Female,3,192,West,No,1
2118,49,Male,5,2000,West,No,2
2119,46,Female,5,1500,West,No,5
2120,51,Male,3,1625,West,No,3
2121,71,Female,3,300,West,Yes,5
2122,73,Male,3,3090,West,No,6
2123,53,Female,3,500,East,No,9
2124,32,Female,4,1900,West,Yes,1
2125,36,Male,2,2100,West,Yes,5
2126,56,Female,3,1900,East,No,3
2127,76,Female,2,850,West,No,6
2128,53,Female,2,700,West,No,3
2129,46,Female,2,450,West,No,9
2130,48,Female,3,813,West,No,6
2131,28,Female,5,6250,West,Yes,6
2132,44,Male,2,1800,West,No,3
2133,21,Female,5,660,West,No,2
2134,32,Female,5,2700,West,No,6
2135,42,Male,5,3200,West,No,2
2136,77,Male,2,1200,East,No,3
2137,82,Female,1,1200,East,No,6
2138,55,Female,3,1313,West,No,6
2139,31,Female,3,2000,West,Yes,2
2140,21,Female,2,1500,West,No,3
2141,75,Female,2,1625,West,No,2
2142,35,Male,5,2400,West,No,3
2143,57,Male,3,7000,West,No,9
2144,79,Male,2,1800,West,No,3
2145,66,Male,2,1400,West,No,6
2146,48,Female,3,3000,East,Yes,2
2147,73,Female,5,500,East,No,3
2148,64,Female,3,1100,East,No,6
2149,20,Female,3,580,West,No,9
2150,57,Female,5,1500,West,No,2
2151,72,Male,2,760,West,No,9
2152,50,Female,2,650,West,No,5
2153,56,Male,3,1600,East,No,6
2154,73,Male,5,2500,East,No,9
2155,49,Male,3,1300,West,No,6
2156,66,Female,5,3400,West,No,3
2157,46,Female,5,1875,East,No,1
2158,67,Female,3,1300,East,No,1
2159,30,Female,4,1625,West,No,1
2160,23,Female,5,250,West,Yes,3
2161,49,Male,2,360,West,Yes,3
2162,49,Female,5,750,West,No,2
2163,42,Male,4,3500,West,No,6
2164,54,Male,3,2875,East,No,3
2165,65,Female,4,800,East,No,1
2166,50,Male,5,3000,West,No,2
2167,70,Male,5,1400,West,No,6
2168,35,Male,3,3500,West,No,3
2169,22,Female,5,1000,West,No,6
2170,64,Female,2,500,West,No,6
2171,74,Male,2,1400,West,No,6
2172,27,Female,4,600,West,No,2
2173,23,Male,5,250,West,No,6
2174,67,Male,5,1800,West,No,6
2175,28,Female,4,1100,East,No,1
2176,39,Female,5,1500,West,No,3
2177,72,Male,3,1830,East,No,3
2178,58,Male,5,1500,East,No,2
2179,27,Male,2,450,East,No,1
2180,62,Male,5,3000,West,Yes,1
2181,81,Female,3,1063,East,No,2
2182,43,Male,5,3600,West,No,2
2183,51,Female,3,450,West,No,6
2184,46,Male,3,6250,East,Yes,6
2185,60,Female,3,450,West,Yes,2
2186,77,Female,2,890,East,No,1
2187,34,Female,3,980,West,No,6
2188,56,Female,4,2600,West,No,3
2189,74,Male,3,1000,East,No,3
2190,64,Female,3,1300,East,No,6
2191,72,Male,5,4000,West,No,6
2192,28,Female,5,1875,West,No,3
2193,64,Female,5,2600,West,No,5
2194,45,Female,5,1900,West,Yes,2
2195,35,Female,3,250,West,No,2
2196,35,Male,3,1063,East,No,11
2197,73,Male,2,1200,East,No,6
2198,71,Female,3,1900,West,No,3
2199,22,Female,2,350,West,No,6
2200,68,Female,2,607,West,No,6
2201,77,Male,2,1050,East,No,3
2202,56,Male,2,2125,West,No,9
2203,49,Male,5,5000,West,No,5
2204,69,Female,5,550,East,No,6
2205,57,Female,3,1313,West,No,6
2206,21,Male,5,300,West,Yes,2
2207,49,Male,5,6250,West,Yes,5
2208,86,Male,2,1500,West,No,3
2209,67,Male,2,1060,East,No,1
2210,69,Male,2,800,East,No,9
2211,40,Male,5,1900,East,No,3
2212,48,Male,2,2650,West,Yes,9
2213,57,Female,2,1200,West,No,6
2214,33,Male,5,3000,West,Yes,6
2215,75,Male,5,3000,West,Yes,9
2216,28,Male,3,1875,East,No,5
2217,35,Male,2,650,East,No,9
2218,61,Female,3,1875,East,No,9
2219,48,Male,5,2800,West,Yes,4
2220,63,Female,2,813,East,No,3
2221,64,Male,3,1350,East,No,3
2222,29,Female,5,1100,East,No,2
2223,56,Male,2,2200,West,No,3
2224,22,Male,5,450,West,No,3
2225,79,Male,2,1600,West,No,6
2226,77,Male,5,1438,East,Yes,3
2227,74,Female,2,1100,West,No,2
2228,70,Female,2,500,West,No,3
2229,57,Female,3,404,East,No,9
2230,54,Male,3,1400,East,No,3
2231,48,Female,5,2100,West,No,1
2232,42,Female,5,1700,West,No,6
2233,78,Male,2,1600,West,No,5
2234,59,Male,3,2000,East,No,6
2235,63,Female,2,1000,West,No,3
2236,51,Female,2,1200,West,No,9
2237,81,Male,2,1100,West,No,6
2238,50,Female,3,1000,East,No,2
2239,53,Male,3,2625,West,No,6
2240,76,Female,2,1300,West,Yes,5
2241,30,Female,5,1700,East,Yes,1
2242,69,Male,3,3000,West,No,9
2243,33,Male,3,1063,East,No,6
2244,42,Female,3,1200,East,Yes,6
2245,62,Female,5,2600,West,Yes,5
2246,79,Female,2,420,West,No,6
2247,28,Female,5,1500,East,No,1
2248,37,Female,5,1700,West,No,2
2249,73,Female,5,991,West,No,3
2250,59,Female,4,1200,West,No,3
2251,59,Male,3,1500,East,Yes,9
2252,53,Male,2,2400,West,No,3
2253,55,Female,3,1800,West,No,2
2254,35,Male,1,1300,West,Yes,3
2255,28,Female,5,2100,West,No,2
2256,48,Female,3,1500,East,No,9
2257,66,Female,2,600,West,No,6
2258,67,Male,3,1700,West,No,6
2259,43,Female,5,2500,West,Yes,2
2260,29,Male,3,1100,East,No,9
2261,65,Female,2,795,West,No,6
2262,61,Female,3,1625,East,No,9
2263,63,Female,5,1875,East,Yes,1
2264,77,Female,2,294,West,No,6
2265,65,Male,2,3000,West,No,6
2266,47,Male,5,2375,East,No,2
2267,51,Male,2,1900,West,No,5
2268,29,Female,5,700,West,No,3
2269,60,Female,4,1450,East,No,6
2270,72,Male,5,1500,East,No,1
2271,70,Female,5,1500,East,No,1
2272,63,Male,3,1100,East,No,6
2273,24,Male,5,1800,West,No,6
2274,69,Male,5,404,East,No,6
2275,74,Female,2,1800,West,No,6
2276,35,Female,3,1250,West,No,6
2277,53,Female,3,1200,East,No,6
2278,75,Female,3,1200,West,No,6
2279,47,Female,5,3500,West,No,6
